{"0":{"RMSE":67655.421875,"DTM_KL1":0.0013035892,"DTM_KL01":0.0257830285,"DTM_KL001":0.2377356291,"Sammon":0.9981496937,"Trustworthiness":0.9683538428,"Continuity":0.9651478843,"Spearman":0.4205136681,"Steadiness":0.8566958233,"Cohesiveness":0.7363807606,"method":"umap","cluster":7},"1":{"RMSE":67655.8203125,"DTM_KL1":0.0016741054,"DTM_KL01":0.0305584036,"DTM_KL001":0.2409217656,"Sammon":0.9981535227,"Trustworthiness":0.9734666451,"Continuity":0.9672161054,"Spearman":0.4241669481,"Steadiness":0.8673923146,"Cohesiveness":0.7771418813,"method":"umap","cluster":7},"2":{"RMSE":67636.8828125,"DTM_KL1":0.001087036,"DTM_KL01":0.0278380457,"DTM_KL001":0.2511052489,"Sammon":0.997613736,"Trustworthiness":0.9698472582,"Continuity":0.9732043394,"Spearman":0.4011613352,"Steadiness":0.861121056,"Cohesiveness":0.805109031,"method":"umap","cluster":7},"3":{"RMSE":67662.265625,"DTM_KL1":0.0011434911,"DTM_KL01":0.0230247639,"DTM_KL001":0.2321276665,"Sammon":0.9983501284,"Trustworthiness":0.9727196675,"Continuity":0.9682394214,"Spearman":0.3964947236,"Steadiness":0.8553227617,"Cohesiveness":0.7733193546,"method":"umap","cluster":7},"4":{"RMSE":67640.953125,"DTM_KL1":0.0010728682,"DTM_KL01":0.0279481634,"DTM_KL001":0.2599419057,"Sammon":0.9977378648,"Trustworthiness":0.9607248489,"Continuity":0.9718760794,"Spearman":0.39140331,"Steadiness":0.7937096548,"Cohesiveness":0.8079367434,"method":"umap","cluster":7},"5":{"RMSE":67636.3203125,"DTM_KL1":0.0013326837,"DTM_KL01":0.0318742283,"DTM_KL001":0.2755532861,"Sammon":0.9975964558,"Trustworthiness":0.9631714162,"Continuity":0.9712424439,"Spearman":0.4074558461,"Steadiness":0.8306189375,"Cohesiveness":0.7980072521,"method":"umap","cluster":7},"6":{"RMSE":67653.828125,"DTM_KL1":0.0012074637,"DTM_KL01":0.0262625162,"DTM_KL001":0.2514411509,"Sammon":0.9981060593,"Trustworthiness":0.9649185017,"Continuity":0.9693944301,"Spearman":0.408999704,"Steadiness":0.835125902,"Cohesiveness":0.7944609806,"method":"umap","cluster":7},"7":{"RMSE":67652.734375,"DTM_KL1":0.001072177,"DTM_KL01":0.0266241841,"DTM_KL001":0.2567080855,"Sammon":0.9980760329,"Trustworthiness":0.9682248489,"Continuity":0.9714556347,"Spearman":0.3767655579,"Steadiness":0.8207801674,"Cohesiveness":0.7942616725,"method":"umap","cluster":7},"8":{"RMSE":67651.0546875,"DTM_KL1":0.0008224796,"DTM_KL01":0.0253264233,"DTM_KL001":0.2503839731,"Sammon":0.9980343972,"Trustworthiness":0.9672279793,"Continuity":0.9724071675,"Spearman":0.379391998,"Steadiness":0.8093187747,"Cohesiveness":0.7684800049,"method":"umap","cluster":7},"9":{"RMSE":67605.1328125,"DTM_KL1":0.0035595859,"DTM_KL01":0.0793796331,"DTM_KL001":0.282194376,"Sammon":0.996483755,"Trustworthiness":0.9131584629,"Continuity":0.9192891839,"Spearman":0.5746896844,"Steadiness":0.7717166758,"Cohesiveness":0.6713123477,"method":"umap","cluster":4},"10":{"RMSE":67625.8046875,"DTM_KL1":0.0007352699,"DTM_KL01":0.0134457918,"DTM_KL001":0.0956570283,"Sammon":0.9973187378,"Trustworthiness":0.9650161917,"Continuity":0.9662769862,"Spearman":0.3066624991,"Steadiness":0.7659318613,"Cohesiveness":0.7785869299,"method":"densmap","cluster":9},"11":{"RMSE":67615.921875,"DTM_KL1":0.0011744408,"DTM_KL01":0.0197324641,"DTM_KL001":0.0951681063,"Sammon":0.9970051646,"Trustworthiness":0.9610740501,"Continuity":0.965855462,"Spearman":0.433829415,"Steadiness":0.8359343012,"Cohesiveness":0.7885055215,"method":"densmap","cluster":9},"12":{"RMSE":67628.3359375,"DTM_KL1":0.0007843203,"DTM_KL01":0.013111515,"DTM_KL001":0.0932981968,"Sammon":0.9973851334,"Trustworthiness":0.9619176382,"Continuity":0.9670180268,"Spearman":0.3499860024,"Steadiness":0.7854140802,"Cohesiveness":0.7898392549,"method":"densmap","cluster":9},"13":{"RMSE":67606.9921875,"DTM_KL1":0.0017210313,"DTM_KL01":0.035627868,"DTM_KL001":0.1354011297,"Sammon":0.9967484262,"Trustworthiness":0.9712742876,"Continuity":0.9559839162,"Spearman":0.3426221504,"Steadiness":0.8123341428,"Cohesiveness":0.7304399631,"method":"densmap","cluster":3},"14":{"RMSE":67635.609375,"DTM_KL1":0.0007240814,"DTM_KL01":0.0126125477,"DTM_KL001":0.0907583237,"Sammon":0.9975890945,"Trustworthiness":0.9635897021,"Continuity":0.9641564119,"Spearman":0.4218494738,"Steadiness":0.8521156835,"Cohesiveness":0.7612146577,"method":"densmap","cluster":9},"15":{"RMSE":67602.953125,"DTM_KL1":0.0016251989,"DTM_KL01":0.0346666723,"DTM_KL001":0.133923769,"Sammon":0.9966173195,"Trustworthiness":0.966076209,"Continuity":0.9559256261,"Spearman":0.3812456554,"Steadiness":0.8575129851,"Cohesiveness":0.7530331452,"method":"densmap","cluster":3},"16":{"RMSE":67641.0234375,"DTM_KL1":0.0008523164,"DTM_KL01":0.0126417596,"DTM_KL001":0.0910053253,"Sammon":0.9977484542,"Trustworthiness":0.9570061528,"Continuity":0.9616585708,"Spearman":0.3893895053,"Steadiness":0.8312544721,"Cohesiveness":0.7615087718,"method":"densmap","cluster":9},"17":{"RMSE":67635.375,"DTM_KL1":0.000907533,"DTM_KL01":0.0120800594,"DTM_KL001":0.0981925204,"Sammon":0.9975793601,"Trustworthiness":0.9643199482,"Continuity":0.9519090026,"Spearman":0.4277507169,"Steadiness":0.8636686768,"Cohesiveness":0.6749493192,"method":"densmap","cluster":9},"18":{"RMSE":67621.546875,"DTM_KL1":0.0007578754,"DTM_KL01":0.0160730965,"DTM_KL001":0.1080822125,"Sammon":0.9971791913,"Trustworthiness":0.9563897884,"Continuity":0.9649713946,"Spearman":0.4394498364,"Steadiness":0.82273195,"Cohesiveness":0.7555879494,"method":"densmap","cluster":9},"19":{"RMSE":67643.6796875,"DTM_KL1":0.0008712046,"DTM_KL01":0.0112930052,"DTM_KL001":0.0973507687,"Sammon":0.9978203588,"Trustworthiness":0.964554728,"Continuity":0.961214918,"Spearman":0.3338822167,"Steadiness":0.7992956709,"Cohesiveness":0.7590347362,"method":"densmap","cluster":9},"20":{"RMSE":56589.67578125,"DTM_KL1":0.0029635141,"DTM_KL01":0.0716845542,"DTM_KL001":0.2702001631,"Sammon":0.6760513481,"Trustworthiness":0.6844451641,"Continuity":0.7952504318,"Spearman":0.4069710255,"Steadiness":0.3930770348,"Cohesiveness":0.4894989353,"method":"pca","cluster":6},"21":{"RMSE":35795.92578125,"DTM_KL1":0.0010825783,"DTM_KL01":0.0155747924,"DTM_KL001":0.2086007595,"Sammon":0.2844483308,"Trustworthiness":0.8047938256,"Continuity":0.8954360967,"Spearman":0.3025960879,"Steadiness":0.4902439908,"Cohesiveness":0.5690101831,"method":"pca","cluster":0},"22":{"RMSE":33590.7734375,"DTM_KL1":0.0011712961,"DTM_KL01":0.0140983611,"DTM_KL001":0.1526912451,"Sammon":0.2442423717,"Trustworthiness":0.7536355786,"Continuity":0.912468696,"Spearman":0.2817472011,"Steadiness":0.4394032146,"Cohesiveness":0.5885631136,"method":"pca","cluster":0},"23":{"RMSE":32810.46484375,"DTM_KL1":0.0014957334,"DTM_KL01":0.0397991985,"DTM_KL001":0.2756024599,"Sammon":0.2499220194,"Trustworthiness":0.7783862263,"Continuity":0.8984337219,"Spearman":0.2616577681,"Steadiness":0.4811592076,"Cohesiveness":0.5624726572,"method":"pca","cluster":0},"24":{"RMSE":54326.87890625,"DTM_KL1":0.0024228636,"DTM_KL01":0.0487501249,"DTM_KL001":0.2221358567,"Sammon":0.6201014096,"Trustworthiness":0.7088401339,"Continuity":0.7532037997,"Spearman":0.2260508862,"Steadiness":0.4228568636,"Cohesiveness":0.3649215147,"method":"pca","cluster":0},"25":{"RMSE":67112.3046875,"DTM_KL1":0.0019891262,"DTM_KL01":0.0375315025,"DTM_KL001":0.1864140332,"Sammon":0.9823505662,"Trustworthiness":0.9646497193,"Continuity":0.9556287781,"Spearman":0.5391058452,"Steadiness":0.857618443,"Cohesiveness":0.7176075857,"method":"tsne","cluster":3},"26":{"RMSE":67584.828125,"DTM_KL1":0.0008709509,"DTM_KL01":0.0146686938,"DTM_KL001":0.1558768898,"Sammon":0.9961350987,"Trustworthiness":0.9767373705,"Continuity":0.9689383636,"Spearman":0.3975320527,"Steadiness":0.8685238438,"Cohesiveness":0.7918863909,"method":"tsne","cluster":9},"27":{"RMSE":67566.703125,"DTM_KL1":0.0011232754,"DTM_KL01":0.0169319492,"DTM_KL001":0.1616005301,"Sammon":0.9956022298,"Trustworthiness":0.9750912133,"Continuity":0.966875,"Spearman":0.4309635329,"Steadiness":0.8588309759,"Cohesiveness":0.7736729902,"method":"tsne","cluster":3},"28":{"RMSE":66988.5859375,