{"0":{"RMSE":61087.6953125,"DTM_KL1":0.0017034432,"DTM_KL01":0.0119611034,"DTM_KL001":0.0133119486,"Sammon":0.9751894722,"Trustworthiness":0.9945427315,"Continuity":0.999078831,"Spearman":0.7662825559,"Steadiness":0.9633038488,"Cohesiveness":0.7791839536,"method":"umap","cluster":4},"1":{"RMSE":61080.0703125,"DTM_KL1":0.0020547332,"DTM_KL01":0.0168847963,"DTM_KL001":0.0165709611,"Sammon":0.9753306938,"Trustworthiness":0.9924255018,"Continuity":0.9993800292,"Spearman":0.8098750311,"Steadiness":0.9651938522,"Cohesiveness":0.9385444943,"method":"umap","cluster":4},"2":{"RMSE":61104.4765625,"DTM_KL1":0.0021534455,"DTM_KL01":0.0138527099,"DTM_KL001":0.0121595906,"Sammon":0.9750820188,"Trustworthiness":0.9943535016,"Continuity":0.9992484968,"Spearman":0.7642342711,"Steadiness":0.9561939037,"Cohesiveness":0.9340312903,"method":"umap","cluster":4},"3":{"RMSE":61050.80078125,"DTM_KL1":0.0026399621,"DTM_KL01":0.0303869136,"DTM_KL001":0.0130507145,"Sammon":0.9720232766,"Trustworthiness":0.9956683836,"Continuity":0.9994191573,"Spearman":0.8179035504,"Steadiness":0.9458120354,"Cohesiveness":0.9322617125,"method":"umap","cluster":0},"4":{"RMSE":61089.85546875,"DTM_KL1":0.0021419423,"DTM_KL01":0.0179524049,"DTM_KL001":0.0177800842,"Sammon":0.975885447,"Trustworthiness":0.9959476965,"Continuity":0.9993647758,"Spearman":0.8003729735,"Steadiness":0.9662024886,"Cohesiveness":0.9264914315,"method":"umap","cluster":4},"5":{"RMSE":61098.71484375,"DTM_KL1":0.0018238921,"DTM_KL01":0.0159878768,"DTM_KL001":0.0135558555,"Sammon":0.9763769637,"Trustworthiness":0.9949699354,"Continuity":0.9990159386,"Spearman":0.759645272,"Steadiness":0.9631668083,"Cohesiveness":0.7979836818,"method":"umap","cluster":4},"6":{"RMSE":61065.12109375,"DTM_KL1":0.0025250551,"DTM_KL01":0.019578876,"DTM_KL001":0.0157414265,"Sammon":0.9737646242,"Trustworthiness":0.9946885224,"Continuity":0.9993751658,"Spearman":0.799889435,"Steadiness":0.9579164859,"Cohesiveness":0.929624824,"method":"umap","cluster":4},"7":{"RMSE":61080.95703125,"DTM_KL1":0.0026134513,"DTM_KL01":0.021471709,"DTM_KL001":0.0186204482,"Sammon":0.9742917327,"Trustworthiness":0.9967760191,"Continuity":0.999337364,"Spearman":0.7736250338,"Steadiness":0.9565468423,"Cohesiveness":0.9312794383,"method":"umap","cluster":0},"8":{"RMSE":61121.4375,"DTM_KL1":0.001852779,"DTM_KL01":0.0160496738,"DTM_KL001":0.01771692,"Sammon":0.9793434697,"Trustworthiness":0.9967775665,"Continuity":0.9993677602,"Spearman":0.7813118963,"Steadiness":0.9651160492,"Cohesiveness":0.9051432269,"method":"umap","cluster":4},"9":{"RMSE":61114.42578125,"DTM_KL1":0.0019762572,"DTM_KL01":0.0166012459,"DTM_KL001":0.0140969362,"Sammon":0.9787788825,"Trustworthiness":0.9952164206,"Continuity":0.9991857149,"Spearman":0.749889627,"Steadiness":0.9551958239,"Cohesiveness":0.8612590267,"method":"umap","cluster":4},"10":{"RMSE":61066.47265625,"DTM_KL1":0.0030454535,"DTM_KL01":0.0386190675,"DTM_KL001":0.0300126132,"Sammon":0.9740176861,"Trustworthiness":0.9882485189,"Continuity":0.9980009285,"Spearman":0.5568638449,"Steadiness":0.931147758,"Cohesiveness":0.8823829789,"method":"densmap","cluster":8},"11":{"RMSE":61038.9453125,"DTM_KL1":0.0008380908,"DTM_KL01":0.0205610618,"DTM_KL001":0.0379933417,"Sammon":0.9697210219,"Trustworthiness":0.9869622646,"Continuity":0.9932953842,"Spearman":0.7713736779,"Steadiness":0.9380074073,"Cohesiveness":0.9178597841,"method":"densmap","cluster":3},"12":{"RMSE":61002.7109375,"DTM_KL1":0.0003501003,"DTM_KL01":0.0137616498,"DTM_KL001":0.0512627661,"Sammon":0.973480756,"Trustworthiness":0.9890297551,"Continuity":0.9861820232,"Spearman":0.7090599589,"Steadiness":0.9449664617,"Cohesiveness":0.80022709,"method":"densmap","cluster":3},"13":{"RMSE":61045.76171875,"DTM_KL1":0.0010973499,"DTM_KL01":0.0301380605,"DTM_KL001":0.0861699432,"Sammon":0.966249233,"Trustworthiness":0.5786234415,"Continuity":0.5875205588,"Spearman":0.324362008,"Steadiness":0.3759181618,"Cohesiveness":0.2731225033,"method":"densmap","cluster":2},"14":{"RMSE":61092.0625,"DTM_KL1":0.0033994024,"DTM_KL01":0.0597292371,"DTM_KL001":0.0699752569,"Sammon":0.9779353541,"Trustworthiness":0.9962022504,"Continuity":0.9980809532,"Spearman":0.7079716807,"Steadiness":0.8300938528,"Cohesiveness":0.8940611958,"method":"densmap","cluster":5},"15":{"RMSE":61075.33203125,"DTM_KL1":0.0032898616,"DTM_KL01":0.0528306216,"DTM_KL001":0.0583160669,"Sammon":0.9768387494,"Trustworthiness":0.9946881908,"Continuity":0.9982702936,"Spearman":0.6687746257,"Steadiness":0.8134666685,"Cohesiveness":0.8831620649,"method":"densmap","cluster":5},"16":{"RMSE":61083.41796875,"DTM_KL1":0.0013346656,"DTM_KL01":0.0350241475,"DTM_KL001":0.052574195,"Sammon":0.9778796451,"Trustworthiness":0.9958628084,"Continuity":0.9979916438,"Spearman":0.6848647548,"Steadiness":0.8222308173,"Cohesiveness":0.911155578,"method":"densmap","cluster":8},"17":{"RMSE":61054.84765625,"DTM_KL1":0.0023117745,"DTM_KL01":0.0198632181,"DTM_KL001":0.0221350752,"Sammon":0.9716316826,"Trustworthiness":0.9963428464,"Continuity":0.9982419975,"Spearman":0.6263328108,"Steadiness":0.9447132622,"Cohesiveness":0.8658140142,"method":"densmap","cluster":0},"18":{"RMSE":61089.76953125,"DTM_KL1":0.0022097062,"DTM_KL01":0.0498183221,"DTM_KL001":0.0602182075,"Sammon":0.9777714055,"Trustworthiness":0.9956705942,"Continuity":0.9967570077,"Spearman":0.7274125249,"Steadiness":0.9240943728,"Cohesiveness":0.910457076,"method":"densmap","cluster":5},"19":{"RMSE":61054.1875,"DTM_KL1":0.0024684216,"DTM_KL01":0.0255388767,"DTM_KL001":0.0252360813,"Sammon":0.9728459579,"Trustworthiness":0.9845450526,"Continuity":0.9964938323,"Spearman":0.5303810761,"Steadiness":0.911034126,"Cohesiveness":0.8267736742,"method":"densmap","cluster":0},"20":{"RMSE":57.0537490845,"DTM_KL1":-0.0000000694,"DTM_KL01":-0.0000000629,"DTM_KL001":-0.0000000436,"Sammon":0.0001327536,"Trustworthiness":0.9993544964,"Continuity":0.9995725749,"Spearman":0.7500266476,"Steadiness":0.954550602,"Cohesiveness":0.9405500187,"method":"pca","cluster":1},"21":{"RMSE":61088.55859375,"DTM_KL1":0.0007911216,"DTM_KL01":0.0227352343,"DTM_KL001":0.0903223902,"Sammon":0.9738492853,"Trustworthiness":0.531403086,"Continuity":0.5624324653,"Spearman":0.2879449353,"Steadiness":0.3555387446,"Cohesiveness":0.2224135768,"method":"pca","cluster":2},"22":{"RMSE":61250.76953125,"DTM_KL1":0.0008535965,"DTM_KL01":0.0176843405,"DTM_KL001":0.0993984565,"Sammon":0.9951369718,"Trustworthiness":0.5106401981,"Continuity":0.5197666681,"Spearman":0.028605615,"Steadiness":-1.0,"Cohesiveness":-1.0,"method":"pca","cluster":6},"23":{"RMSE":61090.3671875,"DTM_KL1":0.0007784141,"DTM_KL01":0.0217171796,"DTM_KL001":0.0743586272,"Sammon":0.9741493614,"Trustworthiness":0.5329999337,"Continuity":0.56184068,"Spearman":0.2874904658,"Steadiness":0.302816468,"Cohesiveness":0.2678944106,"method":"pca","cluster":2},"24":{"RMSE":55.2421302795,"DTM_KL1":-0.0000000597,"DTM_KL01":-0.0000000417,"DTM_KL001":-0.000000058,"Sammon":0.0001221888,"Trustworthiness":0.9993593598,"Continuity":0.9995737908,"Spearman":0.7526837434,"Steadiness":0.9498628754,"Cohesiveness":0.944361939,"method":"pca","cluster":1},"25":{"RMSE":61027.546875,"DTM_KL1":0.0021237545,"DTM_KL01":0.0134958532,"DTM_KL001":0.0057166582,"Sammon":0.9726303354,"Trustworthiness":0.9983749668,"Continuity":0.9994795075,"Spearman":0.8190924101,"Steadiness":0.9702613672,"Cohesiveness":0.9391106146,"method":"tsne","cluster":4},"26":{"RMSE":60915.08984375,"DTM_KL1":0.0023274259,"DTM_KL01":0.0141545497,"DTM_KL001":0.0060180621,"Sammon":0.9594848329,"Trustworthiness":0.9983588293,"Continuity":0.9996021974,"Spearman":0.834628308,"Steadiness":0.9510977754,"Cohesiveness":0.9475055118,"method":"tsne","cluster":4},"27":{"RMSE":61030.64453125,"DTM_KL1":0.002265464,"DTM_KL01":0.013414111,"DTM_KL001":0.0060810144,"Sammon":0.9727866853,"Trustworthiness":0.9983747458,"Continuity":0.9994841498,"Spearman":0.8196210345,"Steadiness":0.9681203075,"Cohesiveness":0.9352921217,"method":"tsne","cluster":4},"28":{"RMSE":60930.38671875,