{"boston_0":{"outlying":0,"convex":0.9194200416242793,"skinny":0.11857646899208552,"stringy":0.8666666666666667,"monotonic":0.03820247933884298,"skewed":0.9501287751244668,"clumpy":0.9094477274128181,"striated":0.6666666666666666},"boston_1":{"outlying":0,"convex":0.27198970691550944,"skinny":0.8464759996134656,"stringy":0.8,"monotonic":0.9535051677982423,"skewed":0.7100714077429991,"clumpy":0.5848498425331923,"striated":0.3888888888888889},"boston_2":{"outlying":0,"convex":0.35577406955440377,"skinny":0.876595550755018,"stringy":0.7130434782608696,"monotonic":0.3332697765965215,"skewed":0.674318991732582,"clumpy":0.7227434517081683,"striated":0.2608695652173913},"boston_3":{"outlying":0,"convex":0.34193248182789837,"skinny":0.7933132838946135,"stringy":0.8,"monotonic":0.9739541810286508,"skewed":0.6797300086758657,"clumpy":0.5240310132381896,"striated":0.24210526315789474},"boston_4":{"outlying":0,"convex":0.48259536667235814,"skinny":0.7579951154144456,"stringy":0.7567567567567568,"monotonic":0.3798675019274793,"skewed":0.608078698328608,"clumpy":0.692701862634978,"striated":0.27927927927927926},"boston_5":{"outlying":0.12747450818433975,"convex":0.024143631986706302,"skinny":0.7442283503311652,"stringy":0.8301886792452831,"monotonic":0.038082164325296194,"skewed":0.9455067902555416,"clumpy":0.9254325195934072,"striated":0.6037735849056604},"boston_6":{"outlying":0,"convex":0.5039643799105833,"skinny":0.8828683141432223,"stringy":0.7407407407407407,"monotonic":0.9110975870131439,"skewed":0.5640747233839275,"clumpy":0.503551333764971,"striated":0.3425925925925926},"boston_7":{"outlying":0,"convex":0.7133655253891826,"skinny":0.7641629649832091,"stringy":0.6796116504854369,"monotonic":0.3176497752611104,"skewed":0.49952184102645086,"clumpy":0.5162220815670135,"striated":0.34951456310679613},"boston_8":{"outlying":0,"convex":0.035691827802663896,"skinny":0.81657801378301,"stringy":0.891566265060241,"monotonic":0.0530586103023892,"skewed":0.809958879076595,"clumpy":0.7748940151329066,"striated":0.46987951807228917},"boston_9":{"outlying":0,"convex":0.022626083083227982,"skinny":0.7557903279692919,"stringy":0.7846153846153846,"monotonic":0.16257577630729636,"skewed":0.926185424407325,"clumpy":0.9400455278704456,"striated":0.4461538461538462},"boston_10":{"outlying":0.15287270298983258,"convex":0.4356944425307912,"skinny":0.857888019772155,"stringy":0.6933333333333334,"monotonic":0.9293319327876465,"skewed":0.7188670349518648,"clumpy":0.45726185057742286,"striated":0.30666666666666664},"boston_11":{"outlying":0.2007883560458591,"convex":0.2935051624025809,"skinny":0.8181891869857953,"stringy":0.7551020408163265,"monotonic":0.7246795214168915,"skewed":0.6901946681509012,"clumpy":0.7972111429581105,"striated":0.25510204081632654},"boston_12":{"outlying":0.13453462099604327,"convex":0.6995180945246893,"skinny":0.7556697191314914,"stringy":0.7127659574468085,"monotonic":0.10497114066366003,"skewed":0.7461404473871762,"clumpy":0.6016468164251175,"striated":0.26595744680851063},"boston_13":{"outlying":0.19022407044510994,"convex":0.5399320812258547,"skinny":0.6254959318216129,"stringy":0.7722772277227723,"monotonic":0.06402133377834371,"skewed":0.7667225194520165,"clumpy":0.7182858347568911,"striated":0.40594059405940597},"boston_14":{"outlying":0.15479253255091233,"convex":0.07047856328293506,"skinny":0.7775777843356413,"stringy":0.8333333333333334,"monotonic":0.9198185832042585,"skewed":0.6827443161994057,"clumpy":0.6968430146793907,"striated":0.45454545454545453},"boston_15":{"outlying":0.09096560349365504,"convex":0.672856494601412,"skinny":0.7333541363404338,"stringy":0.7596153846153846,"monotonic":0.032154389358881284,"skewed":0.7560552991055427,"clumpy":0.49802900123144955,"striated":0.2980769230769231},"boston_16":{"outlying":0.14798731318060612,"convex":0.42169297743590134,"skinny":0.6906194529675489,"stringy":0.7096774193548387,"monotonic":0.07339276474255402,"skewed":0.7043498409382246,"clumpy":0.6718044011216342,"striated":0.2903225806451613},"boston_17":{"outlying":0.12829351707024322,"convex":0.7121131796584503,"skinny":0.6740308153855408,"stringy":0.7252747252747253,"monotonic":0.454517227520438,"skewed":0.7252994431435779,"clumpy":0.6089664034006176,"striated":0.3076923076923077},"boston_18":{"outlying":0.10021417334216225,"convex":0.042089980513327234,"skinny":0.7894054046065235,"stringy":0.8360655737704918,"monotonic":0.4876099806272167,"skewed":0.8851131364628461,"clumpy":0.7599506797284828,"striated":0.5245901639344263},"boston_19":{"outlying":0.19862271324174946,"convex":0.031903890115756804,"skinny":0.7488163905655187,"stringy":0.8431372549019608,"monotonic":0.3111465766112671,"skewed":0.8620896571068505,"clumpy":0.8691074140359544,"striated":0.5882352941176471},"boston_20":{"outlying":0.10248506605084239,"convex":0.6906063446394669,"skinny":0.3776887090964528,"stringy":0.7307692307692307,"monotonic":0.000014660434945134464,"skewed":0.6254503789496848,"clumpy":0.8583976968860483,"striated":0.36538461538461536},"boston_21":{"outlying":0.20537216085308616,"convex":0.7552706092194097,"skinny":0.322056094920937,"stringy":0.7373737373737373,"monotonic":0.001172962154224403,"skewed":0.6919985130898989,"clumpy":0.5985675638959276,"striated":0.37373737373737376},"boston_22":{"outlying":0.19756508966956457,"convex":0.8065084319234045,"skinny":0.30977287133967957,"stringy":0.6559139784946236,"monotonic":0.010039867526834839,"skewed":0.7616714584228496,"clumpy":0.6890240016170317,"striated":0.24731182795698925},"boston_23":{"outlying":0.10248506605084239,"convex":0.6906063446394669,"skinny":0.3776887090964528,"stringy":0.7307692307692307,"monotonic":0.000014660434945134464,"skewed":0.6254503789496848,"clumpy":0.8583976968860483,"striated":0.36538461538461536},"boston_24":{"outlying":0.26100817808173155,"convex":0.678553368084896,"skinny":0.4243144949623867,"stringy":0.7524752475247525,"monotonic":0.000023491709545940397,"skewed":0.7157956668967443,"clumpy":0.8699819978938685,"striated":0.27722772277227725},"boston_25":{"outlying":0.040632659846053736,"convex":0.0308419813264889,"skinny":0.8484356398928483,"stringy":0.8620689655172413,"monotonic":0.04597256245467059,"skewed":0.7766256779483626,"clumpy":0.8651215738014282,"striated":0.4827586206896552},"boston_26":{"outlying":0.19784814231871986,"convex":0.055318249799698196,"skinny":0.6009837020157852,"stringy":0.967741935483871,"monotonic":0.9541951707229067,"skewed":0.6371815981692794,"clumpy":0.6346747101152014,"striated":0.9516129032258065},"boston_27":{"outlying":0.07951593260198321,"convex":0.03392640573085741,"skinny":0.8121279647532618,"stringy":0.8539325842696629,"monotonic":0.24189437817291629,"skewed":0.7020003678403762,"clumpy":0.7612959447357187,"striated":0.5617977528089888},"boston_28":{"outlying":0.02771800903502058,"convex":0.25776369173422853,"skinny":0.8198996694279065,"stringy":0.8428571428571429,"monotonic":0.9946210020387548,"skewed":0.6498563667360279,"clumpy":0.5188425094893383,"striated":0.6142857142857143},"boston_29":{"outlying":0.0890172965944354,"convex":0.3738472423192657,"skinny":0.7340860312407272,"stringy":0.84,"monotonic":0.9867990486054378,"skewed":0.6589350154079046,"clumpy":0.5667959637921242,"striated":0.6266666666666667},"boston_30":{"outlying":0.6848269527918577,"convex":0.864716351881625,"skinny":0.20889152318913862,"stringy":0.8,"monotonic":0.010342068388195205,"skewed":0.5846843605622566,"clumpy":0.37931427652248173,"striated":0.4},"boston_31":{"outlying":0.04808406510579108,"convex":0.4010702111285509,"skinny":0.6750018692250951,"stringy":0.8767123287671232,"monotonic":0.9874044978198944,"skewed":0.6757496717167218,"clumpy":0.5653478637950129,"striated":0.726027397260274},"boston_32":{"outlying":0.02539299703514038,"convex":0.3323762615203559,"skinny":0.8248079147204528,"stringy":0.8356164383561644,"monotonic":0.9945398059905465,"skewed":0.5500927855361863,"clumpy":0.5422268934941776,"striated":0.5753424657534246},