{"breastcancerwisconsinprognostic_0":{"outlying":0.009589222138240192,"convex":0.8255163919766494,"skinny":0.7721336268938568,"stringy":0.7198697068403909,"monotonic":0.011359820110541726,"skewed":0.5342481012279303,"clumpy":0.42039826865444696,"striated":0.34201954397394135},"breastcancerwisconsinprognostic_1":{"outlying":0.003976043376706522,"convex":0.8195347531751989,"skinny":0.8095845149744267,"stringy":0.6888217522658611,"monotonic":0.030824369375883173,"skewed":0.5768972405573244,"clumpy":0.5206128369099912,"striated":0.2688821752265861},"breastcancerwisconsinprognostic_2":{"outlying":0.004722728740898036,"convex":0.8301062934138853,"skinny":0.775666233328273,"stringy":0.7305194805194806,"monotonic":0.024097966868589882,"skewed":0.6533065068992002,"clumpy":0.5190417723652929,"striated":0.3246753246753247},"breastcancerwisconsinprognostic_3":{"outlying":0.03245247771310445,"convex":0.15566956529165607,"skinny":0.8804417581681712,"stringy":0.8058252427184466,"monotonic":0.01115665329772334,"skewed":0.6106845415597686,"clumpy":0.5900182601958466,"striated":0.3786407766990291},"breastcancerwisconsinprognostic_4":{"outlying":0,"convex":0.8595144346544097,"skinny":0.7536951159955209,"stringy":0.734982332155477,"monotonic":0.002183858466892465,"skewed":0.5671654971090981,"clumpy":0.5290473823937638,"striated":0.31095406360424027},"breastcancerwisconsinprognostic_5":{"outlying":0.010976254750042339,"convex":0.10215998082124382,"skinny":0.8625895690778038,"stringy":0.76,"monotonic":0.22893960093074964,"skewed":0.6472437804323634,"clumpy":0.7395353449935378,"striated":0.4266666666666667},"breastcancerwisconsinprognostic_6":{"outlying":0.004863422266223128,"convex":0.817923916929125,"skinny":0.7822287795931521,"stringy":0.7009966777408638,"monotonic":0.0009265807051226468,"skewed":0.5491499532586948,"clumpy":0.620517691254642,"striated":0.292358803986711},"breastcancerwisconsinprognostic_7":{"outlying":0.03370127656627526,"convex":0.3036406675383954,"skinny":0.870692034282366,"stringy":0.7477477477477478,"monotonic":0.036044165104454594,"skewed":0.6557178800218522,"clumpy":0.7005955149906318,"striated":0.34234234234234234},"breastcancerwisconsinprognostic_8":{"outlying":0.019025694738537092,"convex":0.9181768984155855,"skinny":0.15419480160220977,"stringy":0.7150837988826816,"monotonic":0.0005905059511181433,"skewed":0.5280563338102703,"clumpy":0.8747030562895738,"striated":0.3687150837988827},"breastcancerwisconsinprognostic_9":{"outlying":0.00617712986590488,"convex":0.4179761430112556,"skinny":0.8187130480220232,"stringy":0.7625570776255708,"monotonic":0.010759847388908379,"skewed":0.6499899712773889,"clumpy":0.5021901604697658,"striated":0.319634703196347},"breastcancerwisconsinprognostic_10":{"outlying":0.08652501535291496,"convex":0.6444881310915828,"skinny":0.8077357530530122,"stringy":0.6848739495798319,"monotonic":0.08893730998268633,"skewed":0.691966117642145,"clumpy":0.7507953066595282,"striated":0.31932773109243695},"breastcancerwisconsinprognostic_11":{"outlying":0.1446996053463589,"convex":0.8381198052683391,"skinny":0.7150715699465923,"stringy":0.6872246696035242,"monotonic":0.1223317239121147,"skewed":0.6996148095822236,"clumpy":0.6390179793191039,"striated":0.30837004405286345},"breastcancerwisconsinprognostic_12":{"outlying":0.027405325042248223,"convex":0.48628077176293066,"skinny":0.8239530985032364,"stringy":0.7181208053691275,"monotonic":0.6426666253465857,"skewed":0.7403380925478276,"clumpy":0.43615551713814893,"striated":0.3288590604026846},"breastcancerwisconsinprognostic_13":{"outlying":0.0392541055493607,"convex":0.0910899425787522,"skinny":0.8318200122743409,"stringy":0.7741935483870968,"monotonic":0.00009603636137078785,"skewed":0.7134095681308688,"clumpy":0.9202785862597853,"striated":0.4838709677419355},"breastcancerwisconsinprognostic_14":{"outlying":0.12217112417705385,"convex":0.1845199096860528,"skinny":0.8356502683726434,"stringy":0.7668711656441718,"monotonic":0.06983853364773088,"skewed":0.759865878689627,"clumpy":0.7537140761964595,"striated":0.43558282208588955},"breastcancerwisconsinprognostic_15":{"outlying":0.09638367628955417,"convex":0.8195841271413136,"skinny":0.7208460384226201,"stringy":0.7076271186440678,"monotonic":0.0010737960959484685,"skewed":0.6614883765929215,"clumpy":0.6442309953406836,"striated":0.3050847457627119},"breastcancerwisconsinprognostic_16":{"outlying":0.10931139307580047,"convex":0.805080581734919,"skinny":0.7514547952262496,"stringy":0.6886446886446886,"monotonic":0.00926550829787208,"skewed":0.711287149112747,"clumpy":0.4970961537024381,"striated":0.3076923076923077},"breastcancerwisconsinprognostic_17":{"outlying":0.1300364971754245,"convex":0.7790160202322765,"skinny":0.7485720059327378,"stringy":0.6891891891891891,"monotonic":0.11478837544493146,"skewed":0.7196556630006232,"clumpy":0.618939047290737,"striated":0.3108108108108108},"breastcancerwisconsinprognostic_18":{"outlying":0.14900158416089748,"convex":0.7362236977283697,"skinny":0.8232567391779396,"stringy":0.6492146596858639,"monotonic":0.21896066861916474,"skewed":0.7284026478317813,"clumpy":0.5336515659441945,"striated":0.28272251308900526},"breastcancerwisconsinprognostic_19":{"outlying":0.0648717915954134,"convex":0.24079663156691414,"skinny":0.7516320245292456,"stringy":0.7686567164179104,"monotonic":0.48199554292293817,"skewed":0.7085629885205109,"clumpy":0.6891427522396864,"striated":0.40298507462686567},"breastcancerwisconsinprognostic_20":{"outlying":0.3627623101655836,"convex":0,"skinny":1,"stringy":1,"monotonic":1,"skewed":0.768755436947672,"clumpy":0.6783737207636242,"striated":1},"breastcancerwisconsinprognostic_21":{"outlying":0.3991089884934058,"convex":0.5036113316430454,"skinny":0.46309716381643073,"stringy":0.7016129032258065,"monotonic":0.011051017789420787,"skewed":0.7536151534587571,"clumpy":0.7918373200215055,"striated":0.3225806451612903},"breastcancerwisconsinprognostic_22":{"outlying":0.35142159019630975,"convex":0.6526283387644158,"skinny":0.3054993603526439,"stringy":0.6783216783216783,"monotonic":0.001265415188722193,"skewed":0.7540065727589825,"clumpy":0.6512477629763753,"striated":0.27972027972027974},"breastcancerwisconsinprognostic_23":{"outlying":0.39257334241123043,"convex":0.8055052371697654,"skinny":0.3011617164871122,"stringy":0.7171052631578947,"monotonic":0.0006622237119441659,"skewed":0.7097905083230734,"clumpy":0.4654051805219013,"striated":0.3223684210526316},"breastcancerwisconsinprognostic_24":{"outlying":0.30364246365678127,"convex":0.6865543065250248,"skinny":0.4080723677383966,"stringy":0.6666666666666666,"monotonic":0.0007297990787180165,"skewed":0.7878654308296702,"clumpy":0.6509244392107872,"striated":0.29239766081871343},"breastcancerwisconsinprognostic_25":{"outlying":0.028634813197258906,"convex":0.8291493079267047,"skinny":0.7848960590615699,"stringy":0.7065637065637066,"monotonic":0.1291930248041971,"skewed":0.6409019800646629,"clumpy":0.5853905163526836,"striated":0.29343629343629346},"breastcancerwisconsinprognostic_26":{"outlying":0.045886679195797614,"convex":0.7208005213847506,"skinny":0.8575619273936737,"stringy":0.6728971962616822,"monotonic":0.8965364245864719,"skewed":0.6414563378564685,"clumpy":0.5863281317404768,"striated":0.2570093457943925},"breastcancerwisconsinprognostic_27":{"outlying":0.0677264830955646,"convex":0.5476055176814748,"skinny":0.8161538313968074,"stringy":0.6859205776173285,"monotonic":0.8818901614187922,"skewed":0.6300963958580149,"clumpy":0.6766175054785707,"striated":0.26714801444043323},"breastcancerwisconsinprognostic_28":{"outlying":0.04800642062527565,"convex":0.34355702480373795,"skinny":0.8772810849966951,"stringy":0.6598360655737705,"monotonic":0.013500957002500959,"skewed":0.6161867150227708,"clumpy":0.7491896226669965,"striated":0.28688524590163933},"breastcancerwisconsinprognostic_29":{"outlying":0.07646019564449272,"convex":0.5988467526187007,"skinny":0.8486389850207972,"stringy":0.6307053941908713,