{"breastcancercoimbra_0":{"outlying":0,"convex":0.5108010933294184,"skinny":0.8920547067315279,"stringy":0.7037037037037037,"monotonic":0.9362393431103719,"skewed":0.48673082778820054,"clumpy":0.4549285592761376,"striated":0.30864197530864196},"breastcancercoimbra_1":{"outlying":0,"convex":0.05704872111109494,"skinny":0.8103478531207813,"stringy":0.8461538461538461,"monotonic":0.12164595689370868,"skewed":0.7211721062358472,"clumpy":0.7885946361058029,"striated":0.46153846153846156},"breastcancercoimbra_2":{"outlying":0.04909467937477944,"convex":0.05099027557479033,"skinny":0.8599527546236255,"stringy":0.8524590163934426,"monotonic":0.7895933351634056,"skewed":0.6329821529770646,"clumpy":0.9398964217813371,"striated":0.47540983606557374},"breastcancercoimbra_3":{"outlying":0,"convex":0.27437377888040393,"skinny":0.7769648935233125,"stringy":0.7840909090909091,"monotonic":0.8023451106786863,"skewed":0.6527001098313993,"clumpy":0.5306867244350463,"striated":0.3181818181818182},"breastcancercoimbra_4":{"outlying":0,"convex":0.38287359596326564,"skinny":0.7109687799321622,"stringy":0.8202247191011236,"monotonic":0.8157841038050322,"skewed":0.528695531238188,"clumpy":0.7225899359062717,"striated":0.3146067415730337},"breastcancercoimbra_5":{"outlying":0,"convex":0.8255112328454617,"skinny":0.6439997957527226,"stringy":0.6746987951807228,"monotonic":0.0002822230318971095,"skewed":0.45291984229752075,"clumpy":0.618850147009192,"striated":0.24096385542168675},"breastcancercoimbra_6":{"outlying":0,"convex":0.4661207741278072,"skinny":0.8974765361603639,"stringy":0.654320987654321,"monotonic":0.9724631970156716,"skewed":0.5362380837060989,"clumpy":0.599608274079524,"striated":0.2962962962962963},"breastcancercoimbra_7":{"outlying":0,"convex":0.8117917597215919,"skinny":0.7252820589963983,"stringy":0.6904761904761905,"monotonic":0.5065510525548537,"skewed":0.5151849753311042,"clumpy":0.5610199968137625,"striated":0.35714285714285715},"breastcancercoimbra_8":{"outlying":0,"convex":0.5974623506304968,"skinny":0.7237714500983004,"stringy":0.7764705882352941,"monotonic":0.41070091257546676,"skewed":0.6220903928847731,"clumpy":0.7905492785869708,"striated":0.36470588235294116},"breastcancercoimbra_9":{"outlying":0,"convex":0.9601570566881289,"skinny":0.07921027265018443,"stringy":0.7631578947368421,"monotonic":0.000025421933479274066,"skewed":0.6005474987461401,"clumpy":0.9177289408733209,"striated":0.5},"breastcancercoimbra_10":{"outlying":0.26908404465710045,"convex":0.5818982681445312,"skinny":0.5677346960612182,"stringy":0.6571428571428571,"monotonic":0.1498652269543338,"skewed":0.7576051403648916,"clumpy":0.5579990425020536,"striated":0.2714285714285714},"breastcancercoimbra_11":{"outlying":0.1789443571413753,"convex":0.5477718278190837,"skinny":0.7527990498938879,"stringy":0.7375,"monotonic":0.8471511044862403,"skewed":0.5695630588588187,"clumpy":0.6486604555297,"striated":0.2875},"breastcancercoimbra_12":{"outlying":0.12500344833448954,"convex":0.42069718314954047,"skinny":0.8483355294163112,"stringy":0.6571428571428571,"monotonic":0.8749784724698583,"skewed":0.6526907118411555,"clumpy":0.6511381637355486,"striated":0.2714285714285714},"breastcancercoimbra_13":{"outlying":0.13343011465798083,"convex":0.6069749083290847,"skinny":0.679270952735233,"stringy":0.7088607594936709,"monotonic":0.7471869298611442,"skewed":0.5649889649981132,"clumpy":0.6361692967796587,"striated":0.3924050632911392},"breastcancercoimbra_14":{"outlying":0.12419692821008717,"convex":0.5597462037101901,"skinny":0.7613728893138498,"stringy":0.6923076923076923,"monotonic":0.5107225628638844,"skewed":0.7301965449184659,"clumpy":0.549863813402593,"striated":0.2564102564102564},"breastcancercoimbra_15":{"outlying":0.12808666655402165,"convex":0.48670217392993526,"skinny":0.7878908429457098,"stringy":0.8214285714285714,"monotonic":0.7179625919027546,"skewed":0.6777805528000616,"clumpy":0.5942652612035282,"striated":0.3333333333333333},"breastcancercoimbra_16":{"outlying":0.15960148927392923,"convex":0.6134985552542802,"skinny":0.7393094393299973,"stringy":0.6883116883116883,"monotonic":0.5638187001878585,"skewed":0.7231017953588289,"clumpy":0.44498474925850295,"striated":0.2987012987012987},"breastcancercoimbra_17":{"outlying":0.25460578102421494,"convex":0.06649340779202252,"skinny":0.6901442225410158,"stringy":0.711864406779661,"monotonic":0.03499130165759652,"skewed":0.7624127211816707,"clumpy":0.9345891340473672,"striated":0.3220338983050847},"breastcancercoimbra_18":{"outlying":0.10219293309159297,"convex":0.7455753869732601,"skinny":0.6656868675165405,"stringy":0.7411764705882353,"monotonic":0.7107778795888423,"skewed":0.7703063816770753,"clumpy":0.6025108109647898,"striated":0.35294117647058826},"breastcancercoimbra_19":{"outlying":0.16849939805660416,"convex":0.5417099774709151,"skinny":0.8317755697328266,"stringy":0.7142857142857143,"monotonic":0.9095461270569474,"skewed":0.7640749074044593,"clumpy":0.7167954638492278,"striated":0.2857142857142857},"breastcancercoimbra_20":{"outlying":0.08247752588640918,"convex":0.6937977322309806,"skinny":0.16872249372104353,"stringy":0.7439024390243902,"monotonic":0.004595280443657503,"skewed":0.8131070298167566,"clumpy":0.7631030085246076,"striated":0.35365853658536583},"breastcancercoimbra_21":{"outlying":0.38469084671069265,"convex":0.5583885985992822,"skinny":0.3807730224213204,"stringy":0.7183098591549296,"monotonic":0.00090388948458831,"skewed":0.7297708642192426,"clumpy":0.6361249494993286,"striated":0.2535211267605634},"breastcancercoimbra_22":{"outlying":0.43910010112621817,"convex":0.7871563465163357,"skinny":0.2403327771625925,"stringy":0.6935483870967742,"monotonic":0.012403793337523743,"skewed":0.7295284882921854,"clumpy":0.5546812364835729,"striated":0.3064516129032258},"breastcancercoimbra_23":{"outlying":0.30599933720835565,"convex":0.7862064645088779,"skinny":0.2813011511041298,"stringy":0.6119402985074627,"monotonic":0.0012544203492913162,"skewed":0.5644739220460354,"clumpy":0.7552972258456,"striated":0.3283582089552239},"breastcancercoimbra_24":{"outlying":0.29888508500527494,"convex":0.8248345071883119,"skinny":0.24500664938751104,"stringy":0.7083333333333334,"monotonic":0.027300808578354225,"skewed":0.5441148247975155,"clumpy":0.878590820674531,"striated":0.3333333333333333},"breastcancercoimbra_25":{"outlying":0.1507185099420424,"convex":0.5879037290053952,"skinny":0.7457039699357408,"stringy":0.8125,"monotonic":0.11992895049530546,"skewed":0.5848233122447704,"clumpy":0.7522447448280353,"striated":0.375},"breastcancercoimbra_26":{"outlying":0.21733772330345746,"convex":0.5367306437492027,"skinny":0.7552103161307895,"stringy":0.7948717948717948,"monotonic":0.08831638507160082,"skewed":0.5811188822450807,"clumpy":0.7433246367131074,"striated":0.358974358974359},"breastcancercoimbra_27":{"outlying":0.07478727698075716,"convex":0.5806666406145715,"skinny":0.8040815631414072,"stringy":0.7162162162162162,"monotonic":0.8840915263637074,"skewed":0.6208477557957263,"clumpy":0.7642612073853776,"striated":0.3108108108108108},"breastcancercoimbra_28":{"outlying":0.030096740030711108,"convex":0.4587784449296561,"skinny":0.7687982246655845,"stringy":0.8461538461538461,"monotonic":0.9688362682224825,"skewed":0.5166202076280209,"clumpy":0.4681509451539094,"striated":0.44871794871794873},"breastcancercoimbra_29":{"outlying":0.4288389019822448,"convex":0.3778993667979214,"skinny":0.635856231361374,"stringy":0.8,"monotonic":0.00004400795307107804,"skewed":0.9040494490090187,"clumpy":0.8179288331463318,"striated":0.6},"breastcancercoimbra_30":{"outlying":0.13789461329745534,"convex":0.2924356250277596,"skinny":0.6577006350404424,"stringy":0.821917808219178,"monotonic":0.36404355482257655,"skewed":0.6296119826311433,"clumpy":0.7657589597052836,"striated":0.5068493150684932},"breastcancercoimbra_31":{"outlying":0.1085664035940559,"convex":0.6377214757331782,"skinny":0.8083466690479788,"stringy":0.8271604938271605,"monotonic":0.7792853579561786,