{"covertype_0":{"outlying":0.021639995152173762,"convex":0.9980530939570778,"skinny":0.7392148042761228,"stringy":0.6821428571428572,"monotonic":0.016250413940898156,"skewed":0.5936337540470898,"clumpy":0.38901726994176733,"striated":0.2857142857142857},"covertype_1":{"outlying":0.01570107723171877,"convex":0.959683649726147,"skinny":0.24166596269800866,"stringy":0.6446280991735537,"monotonic":0.024535195789857106,"skewed":0.6276952854108403,"clumpy":0.279336523196801,"striated":0.23140495867768596},"covertype_2":{"outlying":0,"convex":0.9706669565220517,"skinny":0.06915989746183326,"stringy":0.6466165413533834,"monotonic":0.0064886716533117195,"skewed":0.607026126434889,"clumpy":0.24523211092541652,"striated":0.24812030075187969},"covertype_3":{"outlying":0.0034046440251528,"convex":1.0317879815150772,"skinny":0.45161679716569525,"stringy":0.6862745098039216,"monotonic":0.07355285774321965,"skewed":0.5940685634704086,"clumpy":0.3729664103159449,"striated":0.2969187675070028},"covertype_4":{"outlying":0.024471825378832874,"convex":0.927069620417169,"skinny":0.16762558435648878,"stringy":0.6793893129770993,"monotonic":0.004248179677649161,"skewed":0.6845625676326966,"clumpy":0.3610898729730809,"striated":0.21374045801526717},"covertype_5":{"outlying":0.00300222852930617,"convex":0.9947899876219775,"skinny":0.33755517075090047,"stringy":0.6805555555555556,"monotonic":0.13475010640570156,"skewed":0.5596128153848435,"clumpy":0.38206733545806004,"striated":0.24722222222222223},"covertype_6":{"outlying":0,"convex":0.9487804874126531,"skinny":0.11026382321090977,"stringy":0.7153846153846154,"monotonic":0.07856811510524159,"skewed":0.5638636138889521,"clumpy":0.27431650648386885,"striated":0.26153846153846155},"covertype_7":{"outlying":0.012551149679657531,"convex":0.9675947540904838,"skinny":0.35079126227701474,"stringy":0.7002801120448179,"monotonic":0.020145000259396,"skewed":0.534563187230653,"clumpy":0.34936094689602726,"striated":0.2773109243697479},"covertype_8":{"outlying":0.00813044298007885,"convex":0.9462095999427529,"skinny":0.12106596970136752,"stringy":0.6846153846153846,"monotonic":0.012716882537772,"skewed":0.6266656976197384,"clumpy":0.2590724208077837,"striated":0.25384615384615383},"covertype_9":{"outlying":0.007492510501710447,"convex":0.9434270239968874,"skinny":0.09765112224778427,"stringy":0.6511627906976745,"monotonic":0.01659463436648042,"skewed":0.5865450458105425,"clumpy":0.23690828176588552,"striated":0.26356589147286824},"covertype_10":{"outlying":0.13056864284296407,"convex":0.8122135308931641,"skinny":0.39324766615861484,"stringy":0.6703296703296703,"monotonic":0.07407167005716674,"skewed":0.6854991174870341,"clumpy":0.6816975647802564,"striated":0.3333333333333333},"covertype_11":{"outlying":0.0872469992828779,"convex":0.7499160675513825,"skinny":0.4570594579577112,"stringy":0.6837606837606838,"monotonic":0.0019036635003282332,"skewed":0.6608179136491619,"clumpy":0.545563893013705,"striated":0.29914529914529914},"covertype_12":{"outlying":0.10759511289486025,"convex":0.7984454831385429,"skinny":0.6030516500405763,"stringy":0.6931818181818182,"monotonic":0.013861802294875195,"skewed":0.6818509721339356,"clumpy":0.7367145446789662,"striated":0.29924242424242425},"covertype_13":{"outlying":0.07486643782784848,"convex":0.906137541861928,"skinny":0.4158133268173472,"stringy":0.6491935483870968,"monotonic":0.01762147911711353,"skewed":0.6550250922633407,"clumpy":0.5182080305932038,"striated":0.3064516129032258},"covertype_14":{"outlying":0.053467247540057244,"convex":0.8651147094070466,"skinny":0.37239945934088015,"stringy":0.66015625,"monotonic":0.010146554876719756,"skewed":0.6253728275513826,"clumpy":0.5736264142085682,"striated":0.2890625},"covertype_15":{"outlying":0.0955327360637935,"convex":0.7956761935285886,"skinny":0.5606036908818492,"stringy":0.712,"monotonic":0.004606418824165804,"skewed":0.6336838933192971,"clumpy":0.514801654067335,"striated":0.316},"covertype_16":{"outlying":0.11968035370094744,"convex":0.7731652436746002,"skinny":0.6118164366836114,"stringy":0.6417910447761194,"monotonic":0.030893144540790608,"skewed":0.6850698246509382,"clumpy":0.5627424728046125,"striated":0.3034825870646766},"covertype_17":{"outlying":0.04754885424828658,"convex":0.8552457707223955,"skinny":0.43092515103852014,"stringy":0.673469387755102,"monotonic":0.000003977006584725317,"skewed":0.6459019411279362,"clumpy":0.4481329479625277,"striated":0.272108843537415},"covertype_18":{"outlying":0.08806156497142155,"convex":0.660326249797255,"skinny":0.7266896638154485,"stringy":0.6831275720164609,"monotonic":0.06522915821439183,"skewed":0.6325146323905935,"clumpy":0.46585528363066997,"striated":0.3045267489711934},"covertype_19":{"outlying":0.13705500629850315,"convex":0.8706810495617503,"skinny":0.398901394782999,"stringy":0.6589147286821705,"monotonic":0.013021308655067674,"skewed":0.6681340316902681,"clumpy":0.6651135917799966,"striated":0.29457364341085274},"covertype_20":{"outlying":0.20819525345148993,"convex":0.5638106495714628,"skinny":0.6712174895169949,"stringy":0.6798780487804879,"monotonic":0.001541506455953302,"skewed":0.737620646344917,"clumpy":0.8478958436967263,"striated":0.31402439024390244},"covertype_21":{"outlying":0.12891567517455263,"convex":0.7353487266540862,"skinny":0.5135755425482404,"stringy":0.6825396825396826,"monotonic":0.00009051391141699821,"skewed":0.6861550093455034,"clumpy":0.5818554290320976,"striated":0.2804232804232804},"covertype_22":{"outlying":0.08982779346269042,"convex":0.7438119271923521,"skinny":0.61168005214067,"stringy":0.6846473029045643,"monotonic":0.0010702725552655557,"skewed":0.6997567326609053,"clumpy":0.45400920671425504,"striated":0.24066390041493776},"covertype_23":{"outlying":0.3533401510205417,"convex":0.41192829643904183,"skinny":0.7310886549339488,"stringy":0.6759776536312849,"monotonic":0.04135454432883073,"skewed":0.6736973406608102,"clumpy":0.9025367472173624,"striated":0.2849162011173184},"covertype_24":{"outlying":0.3872311898242441,"convex":0.6941786721294404,"skinny":0.6508274219371842,"stringy":0.6956521739130435,"monotonic":0.004904463814093776,"skewed":0.7448761258439164,"clumpy":0.6935244884944707,"striated":0.2608695652173913},"covertype_25":{"outlying":0.005964308515976798,"convex":0.871050146867931,"skinny":0.6010297046506523,"stringy":0.6704545454545454,"monotonic":0.09272579523434653,"skewed":0.574749877875295,"clumpy":0.4141300978484912,"striated":0.30113636363636365},"covertype_26":{"outlying":0.01183931084753575,"convex":0.7692539652980787,"skinny":0.7866242590009915,"stringy":0.7169811320754716,"monotonic":0.05838849054298266,"skewed":0.7410293688232759,"clumpy":0.44132460187172473,"striated":0.32547169811320753},"covertype_27":{"outlying":0,"convex":0.7567879777248473,"skinny":0.8005226487516061,"stringy":0.7415254237288136,"monotonic":0.05140828620139961,"skewed":0.6605423612584717,"clumpy":0.441208616000475,"striated":0.2838983050847458},"covertype_28":{"outlying":0.002957716012047387,"convex":0.8801829445654815,"skinny":0.6736176014287474,"stringy":0.6741573033707865,"monotonic":0.03702858267489844,"skewed":0.5764455135978392,"clumpy":0.3825456636520487,"striated":0.2808988764044944},"covertype_29":{"outlying":0,"convex":0.9089906609007062,"skinny":0.7302357403341413,"stringy":0.7134502923976608,"monotonic":0.010988377401624401,"skewed":0.6051586709723219,"clumpy":0.3683847888956623,"striated":0.29239766081871343},"covertype_30":{"outlying":0.007491182865131721,"convex":0.9766765389313381,"skinny":0.7766435834080949,"stringy":0.6936026936026936,"monotonic":0.03956000579155637,"skewed":0.5738017680150677,"clumpy":0.3591305341299189,"striated":0.2828282828282828},"covertype_31":{"outlying":0.003936527003133815,"convex":0.9249833817133793,"skinny":0.746749933438206,"stringy":0.673202614379085,"monotonic":0.0012829060964668372,"skewed":0.5887569119795273,"clumpy":0.43864820196207066,"striated":0.3202614379084967},"covertype_32":{"outlying":0.006017917662007082,