{"dermatology_0":{"outlying":0,"convex":0.38350967363667027,"skinny":0.8974975109772099,"stringy":0.7285714285714285,"monotonic":0.8566383076752244,"skewed":0.6489836993034905,"clumpy":0.6785625458381457,"striated":0.30714285714285716},"dermatology_1":{"outlying":0.04042355849359979,"convex":0.49236523188068415,"skinny":0.8540210138630756,"stringy":0.7169811320754716,"monotonic":0.7233024467780277,"skewed":0.6041918780080604,"clumpy":0.6372381280487283,"striated":0.3710691823899371},"dermatology_2":{"outlying":0,"convex":0.6746621273523514,"skinny":0.8125174940435775,"stringy":0.76,"monotonic":0.8074445126900527,"skewed":0.6525844527502758,"clumpy":0.5637492956450817,"striated":0.34285714285714286},"dermatology_3":{"outlying":0.0178024783500667,"convex":0.5857991850541554,"skinny":0.836663153201378,"stringy":0.7078651685393258,"monotonic":0.5159953906564786,"skewed":0.5313260500930977,"clumpy":0.7420810161932154,"striated":0.33707865168539325},"dermatology_4":{"outlying":0.052663469780230635,"convex":0.10827612588152535,"skinny":0.8454419182741769,"stringy":0.7862595419847328,"monotonic":0.0030391871553413843,"skewed":0.6984420203458973,"clumpy":0.8768029186838229,"striated":0.4580152671755725},"dermatology_5":{"outlying":0.20106228996024,"convex":0.7629644419358265,"skinny":0.29321914007666894,"stringy":0.7954545454545454,"monotonic":0.07995103061120377,"skewed":0.9502748651910357,"clumpy":0.8948262075811371,"striated":0.4772727272727273},"dermatology_6":{"outlying":0,"convex":0.6683395719680768,"skinny":0.7734061270617488,"stringy":0.6871508379888268,"monotonic":0.599780989520855,"skewed":0.4925340358325109,"clumpy":0.7021626419624774,"striated":0.24581005586592178},"dermatology_7":{"outlying":0,"convex":0.9033527266756793,"skinny":0.6116828474219232,"stringy":0.7348066298342542,"monotonic":0.7539024964688849,"skewed":0.5751396016261133,"clumpy":0.6047757889536864,"striated":0.3425414364640884},"dermatology_8":{"outlying":0.03008538561923338,"convex":0.13375355602094022,"skinny":0.8566949006350191,"stringy":0.7965116279069767,"monotonic":0.001254937796062876,"skewed":0.6526566774136993,"clumpy":0.9403670891536848,"striated":0.37209302325581395},"dermatology_9":{"outlying":0.008937316370678875,"convex":0.7194247509032046,"skinny":0.8016918930955664,"stringy":0.7514792899408284,"monotonic":0.8396218886394369,"skewed":0.6043244889715225,"clumpy":0.5261583735337079,"striated":0.42011834319526625},"dermatology_10":{"outlying":0.21480523816904498,"convex":0.5832313072989203,"skinny":0.6969036512389154,"stringy":0.64,"monotonic":0.7509923536724872,"skewed":0.641371709197822,"clumpy":0.5053865005012402,"striated":0.3},"dermatology_11":{"outlying":0.32301857328300815,"convex":0.7138473274238781,"skinny":0.5174753364968865,"stringy":0.7479674796747967,"monotonic":0.15301620630924864,"skewed":0.704045836688518,"clumpy":0.5699246317145417,"striated":0.2845528455284553},"dermatology_12":{"outlying":0.41482039329093695,"convex":0.5633851549976651,"skinny":0.7116597594664311,"stringy":0.6867469879518072,"monotonic":0.5947735784097957,"skewed":0.6863405073216381,"clumpy":0.44178137026464837,"striated":0.30120481927710846},"dermatology_13":{"outlying":0.3470303443519361,"convex":0.6919693393230345,"skinny":0.641838525356471,"stringy":0.6442307692307693,"monotonic":0.6484294009716228,"skewed":0.6397215175328627,"clumpy":0.347113855594247,"striated":0.2692307692307692},"dermatology_14":{"outlying":0.28733460211122924,"convex":0.4488890964574254,"skinny":0.563172545809628,"stringy":0.7659574468085106,"monotonic":0.47863257633857054,"skewed":0.7702101802007458,"clumpy":0.7888461696580464,"striated":0.425531914893617},"dermatology_15":{"outlying":0.30278987693249204,"convex":0.6697093606424185,"skinny":0.5979102067869067,"stringy":0.7008547008547008,"monotonic":0.16067473793069625,"skewed":0.6679867275358596,"clumpy":0.4711622024251736,"striated":0.3247863247863248},"dermatology_16":{"outlying":0.23638166487929788,"convex":0.5630501097599728,"skinny":0.7513129317553484,"stringy":0.6993006993006993,"monotonic":0.5778059809790604,"skewed":0.7092474930861593,"clumpy":0.597290901033338,"striated":0.32867132867132864},"dermatology_17":{"outlying":0.15708162711083037,"convex":0.6544045584259638,"skinny":0.7717876089790071,"stringy":0.6736111111111112,"monotonic":0.34893059071234866,"skewed":0.6356196470953829,"clumpy":0.6901102768948641,"striated":0.3055555555555556},"dermatology_18":{"outlying":0.2945062848960241,"convex":0.6688982783787975,"skinny":0.6801238132851828,"stringy":0.7089552238805971,"monotonic":0.761656734641549,"skewed":0.6098959849078623,"clumpy":0.5348499218948214,"striated":0.26119402985074625},"dermatology_19":{"outlying":0.301892569737181,"convex":0.6300684058781216,"skinny":0.5532718281739855,"stringy":0.7008547008547008,"monotonic":0.47711980388766234,"skewed":0.6676986710765992,"clumpy":0.47058735582013966,"striated":0.3418803418803419},"dermatology_20":{"outlying":0.07083173811663966,"convex":0,"skinny":1,"stringy":1,"monotonic":1,"skewed":0.7210912223246688,"clumpy":0.5953786316882989,"striated":1},"dermatology_21":{"outlying":0.24210749592794314,"convex":0,"skinny":1,"stringy":1,"monotonic":1,"skewed":0.6506602306665618,"clumpy":0.8887967590349466,"striated":1},"dermatology_22":{"outlying":0.10033786562335452,"convex":0.6927354273981589,"skinny":0.4197419672933197,"stringy":0.7584269662921348,"monotonic":0.00015642354805677156,"skewed":0.6705666188833015,"clumpy":0.8363432048048767,"striated":0.3539325842696629},"dermatology_23":{"outlying":0.16707903610242766,"convex":0.7819784565580409,"skinny":0.3147596969314357,"stringy":0.6770186335403726,"monotonic":0.005082095766480309,"skewed":0.6798470130490358,"clumpy":0.7444296037999969,"striated":0.3167701863354037},"dermatology_24":{"outlying":0,"convex":0,"skinny":1,"stringy":1,"monotonic":1,"skewed":0.6558590022730935,"clumpy":0.47076176637353384,"striated":1},"dermatology_25":{"outlying":0.013931026706107167,"convex":0.6450049350876257,"skinny":0.8017895575937696,"stringy":0.7034482758620689,"monotonic":0.8664035012420844,"skewed":0.6728523570745059,"clumpy":0.5862729099100704,"striated":0.41379310344827586},"dermatology_26":{"outlying":0.021313510998482485,"convex":0.7740647682898216,"skinny":0.6288448792390233,"stringy":0.675,"monotonic":0.0025299133839898637,"skewed":0.6175496081234805,"clumpy":0.7740110431903819,"striated":0.3125},"dermatology_27":{"outlying":0,"convex":0.3087759021968185,"skinny":0.9059191060188035,"stringy":0.7547169811320755,"monotonic":0.7642209591630506,"skewed":0.7142186129424588,"clumpy":0.841458280018809,"striated":0.31446540880503143},"dermatology_28":{"outlying":0.027798948122606703,"convex":0.7043997864704568,"skinny":0.7905123291917444,"stringy":0.7681159420289855,"monotonic":0.9130104777766082,"skewed":0.6067313113207574,"clumpy":0.577068729876347,"striated":0.38405797101449274},"dermatology_29":{"outlying":0.014017461941227225,"convex":0.45282385190209856,"skinny":0.8999925878217473,"stringy":0.7272727272727273,"monotonic":0.8346110117815688,"skewed":0.626913537135665,"clumpy":0.6536014916760244,"striated":0.3246753246753247},"dermatology_30":{"outlying":0.010548519546896165,"convex":0.45822500649571546,"skinny":0.9017247884798486,"stringy":0.6751592356687898,"monotonic":0.8653246389250315,"skewed":0.7055245017844396,"clumpy":0.6274039766198068,"striated":0.34394904458598724},"dermatology_31":{"outlying":0.021236881348436466,"convex":0.5527900591665711,"skinny":0.8851712418010371,"stringy":0.7452229299363057,"monotonic":0.8642894660110028,"skewed":0.6565927385043808,"clumpy":0.676433780190847,"striated":0.35668789808917195},"dermatology_32":{"outlying":0.02074065984799075,"convex":0.7634722613925143,"skinny":0.6518704448060317,"stringy":0.6851851851851852,"monotonic":0.01671649788851366,"skewed":0.6582876752020882,"clumpy":0.7741339036910182,"striated":0.3333333333333333},"dermatology_33":{"outlying":0.02484417576063643,"convex":0.1429576266907959,