{"drybean_2":{"outlying":0,"convex":0.18845329543798345,"skinny":0.8579084917073516,"stringy":0.9945945945945946,"monotonic":0.037574950411283226,"skewed":0.6885383694465707,"clumpy":0.9447265504767723,"striated":0.9945945945945946},"drybean_3":{"outlying":0.009385579456789037,"convex":0.04239043036109465,"skinny":0.8720750385255227,"stringy":0.9732360097323601,"monotonic":0.01408556666777136,"skewed":0.6899626307274683,"clumpy":0.7041386267694387,"striated":0.8321167883211679},"drybean_4":{"outlying":0,"convex":0.00018070641325480604,"skinny":0.44795087001247935,"stringy":0.9952830188679245,"monotonic":0.009006403730787833,"skewed":0.7694341921876193,"clumpy":0.8707511074524206,"striated":0.9858490566037735},"drybean_5":{"outlying":0.020522687251653234,"convex":0.18153908345063408,"skinny":0.8235920431397169,"stringy":0.9938271604938271,"monotonic":0.080989073739084,"skewed":0.7685453289231325,"clumpy":0.9552461886344217,"striated":0.9876543209876543},"drybean_6":{"outlying":0.03353297278697156,"convex":0.05287432922410459,"skinny":0.8604254482432107,"stringy":0.9254658385093167,"monotonic":0.0007625103443237707,"skewed":0.778340412675126,"clumpy":0.8590616233094672,"striated":0.8043478260869565},"drybean_7":{"outlying":0,"convex":0.007450347621401578,"skinny":0.8439095507229812,"stringy":0.997093023255814,"monotonic":0.06698081126779422,"skewed":0.7177146861073821,"clumpy":0.46090517634735484,"striated":0.9418604651162791},"drybean_8":{"outlying":0,"convex":0.029627850569142945,"skinny":0.8919989180700336,"stringy":0.9769736842105263,"monotonic":0.16493266627798261,"skewed":0.7121658757522873,"clumpy":0.7839949848353591,"striated":0.7302631578947368},"drybean_0":{"outlying":0,"convex":0.3953899976996332,"skinny":0.8766588322586795,"stringy":1,"monotonic":0.04143939550180267,"skewed":0.7372732726757811,"clumpy":0.808921510801428,"striated":1},"drybean_1":{"outlying":0,"convex":0.020526011647753195,"skinny":0.8757729168269621,"stringy":0.9968553459119497,"monotonic":0.18966140024554728,"skewed":0.7151184931884506,"clumpy":0.6245878394061111,"striated":0.8333333333333334},"drybean_9":{"outlying":0,"convex":0.009891079830934835,"skinny":0.7913409380985369,"stringy":0.9931972789115646,"monotonic":0.001731430895721965,"skewed":0.698029483038697,"clumpy":0.4870951309232797,"striated":0.9149659863945578},"drybean_10":{"outlying":0.06070479692735386,"convex":0.1704198303285185,"skinny":0.8357236640402184,"stringy":0.9026845637583892,"monotonic":0.0016219887798910612,"skewed":0.7472054344279281,"clumpy":0.5240184062698039,"striated":0.7046979865771812},"drybean_11":{"outlying":0.16300827250408903,"convex":0.15596921172642403,"skinny":0.8544503202323237,"stringy":0.8637873754152824,"monotonic":0.01144464652286131,"skewed":0.7111197258932944,"clumpy":0.3893262190436104,"striated":0.5946843853820598},"drybean_12":{"outlying":0.128381080336022,"convex":0.13119579785920005,"skinny":0.8024963084912484,"stringy":0.8676470588235294,"monotonic":0.4105133280179249,"skewed":0.7464394822914497,"clumpy":0.5699404016983152,"striated":0.6654411764705882},"drybean_13":{"outlying":0.015265203526555872,"convex":0.42717300339059117,"skinny":0.7999185035157637,"stringy":0.8728070175438597,"monotonic":0.0003894319585235614,"skewed":0.7225166193726742,"clumpy":0.43618722028057655,"striated":0.5043859649122807},"drybean_14":{"outlying":0.25868372917272525,"convex":0.6320868841698961,"skinny":0.821956617441111,"stringy":0.7169117647058824,"monotonic":0.0652339781632741,"skewed":0.7284194308554409,"clumpy":0.6325746274812332,"striated":0.36764705882352944},"drybean_15":{"outlying":0.056352742584523524,"convex":0.12292166345709445,"skinny":0.8667834867706306,"stringy":0.8657142857142858,"monotonic":0.058733001766765144,"skewed":0.6602191336243641,"clumpy":0.37692920627687154,"striated":0.5514285714285714},"drybean_16":{"outlying":0.09411906952073154,"convex":0.14106739598699547,"skinny":0.8265260644492142,"stringy":0.8782051282051282,"monotonic":0.26556849662309406,"skewed":0.6578245322098821,"clumpy":0.5778518893604636,"striated":0.6346153846153846},"drybean_17":{"outlying":0.14726119923727804,"convex":0.20997360802257437,"skinny":0.8605270073042273,"stringy":0.8604651162790697,"monotonic":0.26948625687429506,"skewed":0.6626819079406122,"clumpy":0.7132062031010902,"striated":0.5282392026578073},"drybean_18":{"outlying":0.1706565596521543,"convex":0.18141221421162806,"skinny":0.846663906936791,"stringy":0.8939393939393939,"monotonic":0.0028320860649531814,"skewed":0.7052300339443364,"clumpy":0.7952853061180525,"striated":0.6590909090909091},"drybean_19":{"outlying":0.0548895197929241,"convex":0.17409552344296766,"skinny":0.8302362130969216,"stringy":0.8530259365994236,"monotonic":0.03979265411054648,"skewed":0.6710755413796181,"clumpy":0.6819092300826481,"striated":0.521613832853026},"drybean_20":{"outlying":0.3012287100411618,"convex":0.4637091313674377,"skinny":0.5908042594539751,"stringy":0.7028112449799196,"monotonic":0.0005782834644598745,"skewed":0.8086944508458155,"clumpy":0.8466828570643015,"striated":0.321285140562249},"drybean_21":{"outlying":0.2636492078168907,"convex":0.5215475559215428,"skinny":0.672472986036343,"stringy":0.6696696696696697,"monotonic":0.005521667726597391,"skewed":0.7438193663153678,"clumpy":0.8311300752789764,"striated":0.2852852852852853},"drybean_22":{"outlying":0.3524290378650283,"convex":0.42902827254842923,"skinny":0.6305993032872166,"stringy":0.6853932584269663,"monotonic":0.03272129818637568,"skewed":0.7777602652551815,"clumpy":0.8664571116807328,"striated":0.24157303370786518},"drybean_23":{"outlying":0.1604192368918714,"convex":0.6761172498399037,"skinny":0.40898118730031796,"stringy":0.6546184738955824,"monotonic":0.002023964689081467,"skewed":0.7068915760393695,"clumpy":0.7708933970350083,"striated":0.26506024096385544},"drybean_24":{"outlying":0.2727153537450729,"convex":0.5377830782659456,"skinny":0.43657218122804553,"stringy":0.6290909090909091,"monotonic":0.012518142401801366,"skewed":0.780909668914734,"clumpy":0.7690176257667435,"striated":0.27636363636363637},"drybean_25":{"outlying":0,"convex":0.012628917151999066,"skinny":0.8903162453238813,"stringy":0.9485294117647058,"monotonic":0.006643682384139804,"skewed":0.7808015501820464,"clumpy":0.9005500821798867,"striated":0.7794117647058824},"drybean_26":{"outlying":0,"convex":0.02175061121268574,"skinny":0.8678148910001321,"stringy":0.867816091954023,"monotonic":0.01605229893516407,"skewed":0.6400517856929812,"clumpy":0.9513084339329899,"striated":0.7183908045977011},"drybean_27":{"outlying":0,"convex":0.010905817635406644,"skinny":0.8574232666455144,"stringy":0.9395348837209302,"monotonic":0.0000050369260558298434,"skewed":0.7271786341814205,"clumpy":0.9490625534660377,"striated":0.8046511627906977},"drybean_28":{"outlying":0,"convex":0.014386360254340869,"skinny":0.8744723768178675,"stringy":0.9095477386934674,"monotonic":0.0007025736917068361,"skewed":0.6746036799894787,"clumpy":0.9299931381283216,"striated":0.7889447236180904},"drybean_29":{"outlying":0.007938254251671288,"convex":0.25179435910042053,"skinny":0.9264862336644847,"stringy":0.8871331828442438,"monotonic":0.00005916676232073502,"skewed":0.7922118446997608,"clumpy":0.7206185588922629,"striated":0.5756207674943566},"drybean_30":{"outlying":0,"convex":0.012611051822542367,"skinny":0.8593147869118406,"stringy":0.9384615384615385,"monotonic":0.001997864951865647,"skewed":0.6716820266867294,"clumpy":0.9154484997311501,"striated":0.8},"drybean_31":{"outlying":0.008168537830714088,"convex":0.025018180946932495,"skinny":0.901366806806759,"stringy":0.9314641744548287,"monotonic":0.0028241735595119087,"skewed":0.7757062206205787,"clumpy":0.8504011679789467,"striated":0.7102803738317757},"drybean_32":{"outlying":0,"convex":0.013227664646059319,"skinny":0.8637549028210612,"stringy":0.9109947643979057,"monotonic":0.02855955798355912,"skewed":0.7067216126683282,"clumpy":0.9482822373243209,"striated":0.7643979057591623},