{"echocardiogram_0":{"outlying":0,"convex":0.7641585098043863,"skinny":0.4454232205955173,"stringy":0.7333333333333333,"monotonic":0.03442937477384235,"skewed":0.5717431582555196,"clumpy":0.8261559740184963,"striated":0.28888888888888886},"echocardiogram_1":{"outlying":0,"convex":0.8916867536397717,"skinny":0.15347032628658985,"stringy":0.717391304347826,"monotonic":0.29015114317282925,"skewed":0.50681352215407,"clumpy":0.6090072147797875,"striated":0.30434782608695654},"echocardiogram_2":{"outlying":0,"convex":0.8683086624493792,"skinny":0.20474914798828459,"stringy":0.6888888888888889,"monotonic":0.39914865455533893,"skewed":0.44498053104931284,"clumpy":0.369536719715333,"striated":0.17777777777777778},"echocardiogram_3":{"outlying":0,"convex":0.605173465631289,"skinny":0.5558222160425412,"stringy":0.6153846153846154,"monotonic":0.2474350175455616,"skewed":0.4486609695331446,"clumpy":0.5443189598448683,"striated":0.41025641025641024},"echocardiogram_4":{"outlying":0,"convex":0.8824344825874719,"skinny":0.15651028987262205,"stringy":0.7391304347826086,"monotonic":0.06153862782346505,"skewed":0.4340967553448313,"clumpy":0.5764963320387061,"striated":0.3695652173913043},"echocardiogram_5":{"outlying":0,"convex":0.9148782161343574,"skinny":0.17931478892237696,"stringy":0.7446808510638298,"monotonic":0.4228094167563183,"skewed":0.41041294917526644,"clumpy":0.4188467728689571,"striated":0.23404255319148937},"echocardiogram_6":{"outlying":0,"convex":0.9210937194239763,"skinny":0.17539451024884622,"stringy":0.6190476190476191,"monotonic":0.4331185098161824,"skewed":0.49304729145594295,"clumpy":0.4301687350407143,"striated":0.21428571428571427},"echocardiogram_7":{"outlying":0,"convex":0.4016601156408544,"skinny":0.5918515562322622,"stringy":0.6888888888888889,"monotonic":0.36695020052401073,"skewed":0.5368060983969013,"clumpy":0.8159436811501857,"striated":0.35555555555555557},"echocardiogram_8":{"outlying":0,"convex":0.8900649353714207,"skinny":0.19772350810985528,"stringy":0.7659574468085106,"monotonic":0.38800184066527943,"skewed":0.40812960581541496,"clumpy":0.6436014057507502,"striated":0.2765957446808511},"echocardiogram_9":{"outlying":0,"convex":0.9378529024045746,"skinny":0.15115597722980678,"stringy":0.6590909090909091,"monotonic":0.027397164502957448,"skewed":0.5000615117854494,"clumpy":0.44073448453379505,"striated":0.3181818181818182},"echocardiogram_10":{"outlying":0.24545786950032542,"convex":0.7336356114964638,"skinny":0.5214380622343151,"stringy":0.7619047619047619,"monotonic":0.48295480053055817,"skewed":0.5334833498494416,"clumpy":0.4139470452847067,"striated":0.3333333333333333},"echocardiogram_11":{"outlying":0.0781494924102205,"convex":0.8190389944138625,"skinny":0.24526093716759068,"stringy":0.6666666666666666,"monotonic":0.16792005373972782,"skewed":0.6403530550555239,"clumpy":0.6222901319773084,"striated":0.2619047619047619},"echocardiogram_12":{"outlying":0.33662280499905617,"convex":0.789482773468555,"skinny":0.3714571918734326,"stringy":0.6756756756756757,"monotonic":0.5877821414084421,"skewed":0.4387770366144051,"clumpy":0.6734375545026214,"striated":0.21621621621621623},"echocardiogram_13":{"outlying":0.3223453835587272,"convex":0.8503229758581552,"skinny":0.32908192272650316,"stringy":0.6216216216216216,"monotonic":0.5489756088312926,"skewed":0.4366657808730864,"clumpy":0.3544059159984957,"striated":0.2972972972972973},"echocardiogram_14":{"outlying":0.15366044701779571,"convex":0.7021355676425338,"skinny":0.3926502354174133,"stringy":0.6,"monotonic":0.4237866220112729,"skewed":0.6540009126015978,"clumpy":0.5659443914032893,"striated":0.225},"echocardiogram_15":{"outlying":0.19123661703495892,"convex":0.7600616459595482,"skinny":0.29330472810930486,"stringy":0.6976744186046512,"monotonic":0.07456331684735207,"skewed":0.6933424200038173,"clumpy":0.48024935760418186,"striated":0.3023255813953488},"echocardiogram_16":{"outlying":0.1100918546139829,"convex":0.7284699402517257,"skinny":0.42360481688452434,"stringy":0.8,"monotonic":0.013582181588121444,"skewed":0.9622938905111736,"clumpy":0.9500165570930708,"striated":0.475},"echocardiogram_17":{"outlying":0.1788985374034817,"convex":0.3856582606230427,"skinny":0.37927189266635497,"stringy":0.6486486486486487,"monotonic":0.5183557424284666,"skewed":0.6881235061975319,"clumpy":0.8551313075271254,"striated":0.35135135135135137},"echocardiogram_18":{"outlying":0.22219655729848437,"convex":0.7344659872913145,"skinny":0.5690754148222468,"stringy":0.5277777777777778,"monotonic":0.595436039429546,"skewed":0.6084956595535226,"clumpy":0.5963854261924901,"striated":0.25},"echocardiogram_19":{"outlying":0.22303409747604724,"convex":0.7749462165326769,"skinny":0.2647371687693789,"stringy":0.6829268292682927,"monotonic":0.12023781413391803,"skewed":0.5994956046669372,"clumpy":0.4133137426702861,"striated":0.3170731707317073},"echocardiogram_20":{"outlying":0.24047602027714113,"convex":0.6132933565673455,"skinny":0.41298132253671416,"stringy":0.725,"monotonic":0.0010720725854980468,"skewed":0.6367455344845685,"clumpy":0.684696573113567,"striated":0.225},"echocardiogram_21":{"outlying":0.3904385492632816,"convex":0.6746503805246638,"skinny":0.3397947239324336,"stringy":0.7027027027027027,"monotonic":0.008245424844607711,"skewed":0.6602223076945936,"clumpy":0.7760642816881029,"striated":0.1891891891891892},"echocardiogram_22":{"outlying":0.3904385492632816,"convex":0.6746503805246638,"skinny":0.3397947239324336,"stringy":0.7027027027027027,"monotonic":0.008245424844607711,"skewed":0.6602223076945936,"clumpy":0.7760642816881029,"striated":0.1891891891891892},"echocardiogram_23":{"outlying":0.2584018637672282,"convex":0.286821846085037,"skinny":0.4553599821891954,"stringy":0.7209302325581395,"monotonic":0.015407007579564182,"skewed":0.6792745664346342,"clumpy":0.8540076318046348,"striated":0.23255813953488372},"echocardiogram_24":{"outlying":0.24047602027714113,"convex":0.6132933565673454,"skinny":0.4129813225367145,"stringy":0.725,"monotonic":0.0010720725854980468,"skewed":0.6367455344845685,"clumpy":0.684696573113567,"striated":0.225},"echocardiogram_25":{"outlying":0,"convex":0.9811919322254748,"skinny":0.05258201120923511,"stringy":0.7659574468085106,"monotonic":0.0733662110120555,"skewed":0.43531963641780524,"clumpy":0.369913640333423,"striated":0.40425531914893614},"echocardiogram_26":{"outlying":0.024852884248673546,"convex":0.9432027764740932,"skinny":0.08245788707350654,"stringy":0.7391304347826086,"monotonic":0.02950491094551673,"skewed":0.5317641873030213,"clumpy":0.20246793256444617,"striated":0.43478260869565216},"echocardiogram_27":{"outlying":0,"convex":0.8616149441029829,"skinny":0.2504085017708687,"stringy":0.6888888888888889,"monotonic":0.08148594430295637,"skewed":0.533112059505489,"clumpy":0.5649648925957449,"striated":0.24444444444444444},"echocardiogram_28":{"outlying":0,"convex":0.9839726018819908,"skinny":0.025651857278602974,"stringy":0.575,"monotonic":0.00010524958744432492,"skewed":0.7273645240755283,"clumpy":0.02594506936603036,"striated":0.3},"echocardiogram_29":{"outlying":0,"convex":0.9862277280763493,"skinny":0.024505637142477443,"stringy":0.625,"monotonic":0.00007706072992921187,"skewed":0.6614747676158709,"clumpy":0.036386006743355015,"striated":0.425},"echocardiogram_30":{"outlying":0.04760954374514651,"convex":0.9456105024803703,"skinny":0.10366285012277687,"stringy":0.7111111111111111,"monotonic":0.0003025415120636842,"skewed":0.6256926054366023,"clumpy":0.7750230459234814,"striated":0.2},"echocardiogram_31":{"outlying":0,"convex":0.9259407000111116,"skinny":0.12163627799575294,"stringy":0.65,"monotonic":0.11612560932536625,"skewed":0.5939330451797606,"clumpy":0.15591430056921762,"striated":0.3},"echocardiogram_32":{"outlying":0,"convex":0.9896168902623713,"skinny":0.02266396917171387,"stringy":0.6,"monotonic":0.0008215150336378644,"skewed":0.683409781821967,"clumpy":0.0473241156734564,"striated":0.325},"echocardiogram_33":{"outlying":0,