{"ecoli_0":{"outlying":0,"convex":0.5132806404232879,"skinny":0.6707047644303613,"stringy":0.68,"monotonic":0.004118267051042826,"skewed":0.510084817163499,"clumpy":0.6313795432024127,"striated":0.30666666666666664},"ecoli_1":{"outlying":0.027372532654438245,"convex":0.24240438604857345,"skinny":0.8226889456154209,"stringy":0.7231638418079096,"monotonic":0.21879423442026402,"skewed":0.5814901604716635,"clumpy":0.9215258378444446,"striated":0.3050847457627119},"ecoli_2":{"outlying":0.027775422291483557,"convex":0.37196845149716906,"skinny":0.800896144730465,"stringy":0.6732673267326733,"monotonic":0.11723062532916972,"skewed":0.5661810938057047,"clumpy":0.8514524674454785,"striated":0.33663366336633666},"ecoli_3":{"outlying":0.007940349661513404,"convex":0.6611909893725676,"skinny":0.7494971545518017,"stringy":0.6932773109243697,"monotonic":0.13167499692167928,"skewed":0.5036222342759059,"clumpy":0.7190470013879156,"striated":0.3403361344537815},"ecoli_4":{"outlying":0.01509359245050961,"convex":0.5808459268622949,"skinny":0.5753218907564006,"stringy":0.7458333333333333,"monotonic":0.045514215034283316,"skewed":0.5043391159161037,"clumpy":0.6408909374530458,"striated":0.3416666666666667},"ecoli_5":{"outlying":0,"convex":0.4423097020447387,"skinny":0.7079287783082074,"stringy":0.6981132075471698,"monotonic":0.14215772359410167,"skewed":0.5643284374762202,"clumpy":0.7552570475815992,"striated":0.37264150943396224},"ecoli_6":{"outlying":0.012252205496034774,"convex":0.4280315383350254,"skinny":0.7895506357454725,"stringy":0.7372881355932204,"monotonic":0.3514688652179761,"skewed":0.5338751615646004,"clumpy":0.5998655562753945,"striated":0.3940677966101695},"ecoli_7":{"outlying":0.040328655232942746,"convex":0.2363750025766455,"skinny":0.7147940553784504,"stringy":0.7556818181818182,"monotonic":0.020108749432208646,"skewed":0.572864605784097,"clumpy":0.9107906307745105,"striated":0.2727272727272727},"ecoli_8":{"outlying":0.01483568986470622,"convex":0.31617941171901437,"skinny":0.8284075115650386,"stringy":0.6666666666666666,"monotonic":0.000006515753018890535,"skewed":0.5934852646130652,"clumpy":0.8805201591784324,"striated":0.29797979797979796},"ecoli_9":{"outlying":0.023235691503429228,"convex":0.627392749745368,"skinny":0.5248074885209051,"stringy":0.7226890756302521,"monotonic":0.05901140271481177,"skewed":0.5144992894375267,"clumpy":0.6295822059808331,"striated":0.31512605042016806},"ecoli_10":{"outlying":0.2990101753378733,"convex":0.2937365862481483,"skinny":0.7283747609332523,"stringy":0.6644736842105263,"monotonic":0.07965601665882836,"skewed":0.6896168789338925,"clumpy":0.8160123581443492,"striated":0.29605263157894735},"ecoli_11":{"outlying":0.21557581473598775,"convex":0.4519981553974327,"skinny":0.7327412637289241,"stringy":0.7064676616915423,"monotonic":0.03185823027079394,"skewed":0.6470428664054929,"clumpy":0.7318254707044669,"striated":0.3333333333333333},"ecoli_13":{"outlying":0.33764623814085276,"convex":0.2647222842270928,"skinny":0.7735769052158314,"stringy":0.7435897435897436,"monotonic":0.02511758914038999,"skewed":0.6757768065166863,"clumpy":0.7202433639301702,"striated":0.33974358974358976},"ecoli_12":{"outlying":0.28479367879217493,"convex":0.4210506436990647,"skinny":0.7232666685297235,"stringy":0.700507614213198,"monotonic":0.0827929631447214,"skewed":0.6430732187573356,"clumpy":0.834645694057903,"striated":0.34517766497461927},"ecoli_14":{"outlying":0.29563412487397767,"convex":0.30947508643578314,"skinny":0.793458662361759,"stringy":0.6820809248554913,"monotonic":0.17487699755810732,"skewed":0.620090034871738,"clumpy":0.9194360185210138,"striated":0.36416184971098264},"ecoli_15":{"outlying":0.21462322626928979,"convex":0.83871717463505,"skinny":0.3913519132642356,"stringy":0.6649484536082474,"monotonic":0.036811850881254875,"skewed":0.6282409779202471,"clumpy":0.709852627286588,"striated":0.26288659793814434},"ecoli_16":{"outlying":0.2950757786748262,"convex":0.33774423141791415,"skinny":0.7181355154383898,"stringy":0.6447368421052632,"monotonic":0.0021368224009856653,"skewed":0.7287730447635967,"clumpy":0.802423033183266,"striated":0.27631578947368424},"ecoli_17":{"outlying":0.16850853403795668,"convex":0.560445855076334,"skinny":0.7976959685551169,"stringy":0.6567164179104478,"monotonic":0.1435762376507962,"skewed":0.6402646466699393,"clumpy":0.6241479748871579,"striated":0.3283582089552239},"ecoli_18":{"outlying":0.3710991851742223,"convex":0.22710246347086188,"skinny":0.707661156007003,"stringy":0.6435643564356436,"monotonic":0.0006861361094262675,"skewed":0.7345761765918518,"clumpy":0.8112998286247967,"striated":0.4158415841584158},"ecoli_19":{"outlying":0.22026351820610746,"convex":0.3743711040058815,"skinny":0.7777227640718242,"stringy":0.6758241758241759,"monotonic":0.1281509229510907,"skewed":0.6374012837377618,"clumpy":0.8097674266111348,"striated":0.2967032967032967},"ecoli_20":{"outlying":0.17889637492743937,"convex":0.6560638705794114,"skinny":0.6929599613082609,"stringy":0.6574585635359116,"monotonic":0.00229690770404422,"skewed":0.689815521520722,"clumpy":0.7402496126092218,"striated":0.287292817679558},"ecoli_21":{"outlying":0.5481976261298028,"convex":0.07416566771903674,"skinny":0.43580196361610113,"stringy":0.7123287671232876,"monotonic":0.27057835887830417,"skewed":0.8117040990177984,"clumpy":0.9314409212604239,"striated":0.273972602739726},"ecoli_22":{"outlying":0.41500796818734553,"convex":0.151850330521487,"skinny":0.769370908095123,"stringy":0.6545454545454545,"monotonic":0.19566977587973314,"skewed":0.7555443078018815,"clumpy":0.9419507720745349,"striated":0.2818181818181818},"ecoli_23":{"outlying":0.34821114829854943,"convex":0.3763144836666239,"skinny":0.5079449269780503,"stringy":0.7054794520547946,"monotonic":0.06016564574716116,"skewed":0.7239189258737798,"clumpy":0.8697608192661976,"striated":0.2876712328767123},"ecoli_24":{"outlying":0.1318672254896053,"convex":0.5969708805444156,"skinny":0.5810943334853604,"stringy":0.7061855670103093,"monotonic":0.0004544933006756876,"skewed":0.6264191429643083,"clumpy":0.744488340436738,"striated":0.3556701030927835},"ecoli_25":{"outlying":0.087810167875227,"convex":0.4450511946531264,"skinny":0.7650659430308302,"stringy":0.7038834951456311,"monotonic":0.08390469591850021,"skewed":0.6204944575423845,"clumpy":0.7596178552084203,"striated":0.33495145631067963},"ecoli_26":{"outlying":0.10577257030603514,"convex":0.4148866922343172,"skinny":0.7974681650241378,"stringy":0.7219512195121951,"monotonic":0.03902816548111723,"skewed":0.5729699128525677,"clumpy":0.8694653893339082,"striated":0.375609756097561},"ecoli_27":{"outlying":0.03833511806250802,"convex":0.3788874387304355,"skinny":0.8221148241344497,"stringy":0.7166666666666667,"monotonic":0.04995611230927491,"skewed":0.532267011196971,"clumpy":0.8709501834388422,"striated":0.3},"ecoli_28":{"outlying":0.11918237302166121,"convex":0.4175298192718389,"skinny":0.7646286964894542,"stringy":0.6907216494845361,"monotonic":0.20175525008478648,"skewed":0.6681912833721939,"clumpy":0.8121423951170299,"striated":0.35051546391752575},"ecoli_29":{"outlying":0.06422563570495099,"convex":0.3872696452786557,"skinny":0.7657638273716538,"stringy":0.6666666666666666,"monotonic":0.20902145305259803,"skewed":0.5667682373635589,"clumpy":0.8793133191722721,"striated":0.2923076923076923},"ecoli_30":{"outlying":0.06463191296745216,"convex":0.43955326281018375,"skinny":0.8187156946546957,"stringy":0.7156398104265402,"monotonic":0.10475379622472543,"skewed":0.6378031190547586,"clumpy":0.7210362345867648,"striated":0.3459715639810427},"ecoli_31":{"outlying":0.10320465633474728,"convex":0.33457007889336454,"skinny":0.6165223396294955,"stringy":0.6525821596244131,"monotonic":0.17478269427736318,"skewed":0.6022856932060389,"clumpy":0.8929771754758326,"striated":0.25821596244131456},"ecoli_32":{"outlying":0.019618480051923928,"convex":0.4085222969893296,"skinny":0.7669079309736409,"stringy":0.6934673366834171,