{"extyaleb_0":{"outlying":0.019372322202119888,"convex":1.134084566950214,"skinny":0.6432021435207695,"stringy":0.6952380952380952,"monotonic":0.12003859822922425,"skewed":0.6022911868769919,"clumpy":0.6449281151239843,"striated":0.319047619047619},"extyaleb_1":{"outlying":0.026097759742648628,"convex":1.0285455793811007,"skinny":0.5648123613671904,"stringy":0.746606334841629,"monotonic":0.0055464554172544155,"skewed":0.6198600988273257,"clumpy":0.6639102408239113,"striated":0.35294117647058826},"extyaleb_2":{"outlying":0.006784549684776997,"convex":1.0501224083269822,"skinny":0.32904304103868887,"stringy":0.7035398230088495,"monotonic":0.03828646762088078,"skewed":0.5175975345687436,"clumpy":0.6851460708440202,"striated":0.37168141592920356},"extyaleb_3":{"outlying":0.010526730920044101,"convex":1.178862862213474,"skinny":0.4437586423792874,"stringy":0.7383177570093458,"monotonic":0.08132409865773235,"skewed":0.6038271261243722,"clumpy":0.7397361778526376,"striated":0.2803738317757009},"extyaleb_4":{"outlying":0,"convex":1.028923760292578,"skinny":0.23181992480384472,"stringy":0.6899563318777293,"monotonic":0.05970519330706917,"skewed":0.518289788982963,"clumpy":0.7060052174568026,"striated":0.3537117903930131},"extyaleb_5":{"outlying":0.00774581294722345,"convex":1.0426212138199002,"skinny":0.3140542124969029,"stringy":0.7573221757322176,"monotonic":0.08874869788220413,"skewed":0.5046149771853647,"clumpy":0.697852905943207,"striated":0.3305439330543933},"extyaleb_6":{"outlying":0.007280155633907761,"convex":1.079049879640489,"skinny":0.2875233661165474,"stringy":0.7467248908296943,"monotonic":0.03077709269236086,"skewed":0.535560680922426,"clumpy":0.7901960895832711,"striated":0.3231441048034934},"extyaleb_7":{"outlying":0.0069898224475921965,"convex":1.0945553419054124,"skinny":0.41522867522985196,"stringy":0.6858407079646017,"monotonic":0.07188966709260634,"skewed":0.4745179638595044,"clumpy":0.7313739413482456,"striated":0.3008849557522124},"extyaleb_8":{"outlying":0.007677583095796477,"convex":1.0718811249081317,"skinny":0.2705735896280611,"stringy":0.7615062761506276,"monotonic":0.04976423446557678,"skewed":0.48779201276066847,"clumpy":0.7657915751032462,"striated":0.3305439330543933},"extyaleb_9":{"outlying":0,"convex":0.8555780226589058,"skinny":0.5602408363606013,"stringy":0.6866952789699571,"monotonic":0.021119101722672513,"skewed":0.44556917011353137,"clumpy":0.6853331256125053,"striated":0.3133047210300429},"extyaleb_10":{"outlying":0.052312792746462465,"convex":0.9452008366436582,"skinny":0.2811798391185747,"stringy":0.697560975609756,"monotonic":0.030851298293305355,"skewed":0.5927405460121915,"clumpy":0.5925879021551006,"striated":0.2780487804878049},"extyaleb_11":{"outlying":0.0375122081854231,"convex":0.9599796958202209,"skinny":0.30419734150577327,"stringy":0.6747572815533981,"monotonic":0.021882342281051508,"skewed":0.521944248799547,"clumpy":0.7371159513023022,"striated":0.30097087378640774},"extyaleb_12":{"outlying":0.02670075702360296,"convex":0.9720649866178315,"skinny":0.23870070957553446,"stringy":0.730593607305936,"monotonic":0.03459145742018208,"skewed":0.6453391819474794,"clumpy":0.7471477069797849,"striated":0.3789954337899543},"extyaleb_13":{"outlying":0.026110469528093875,"convex":0.7699688084143738,"skinny":0.49461807095063504,"stringy":0.6763285024154589,"monotonic":0.0007947789641646344,"skewed":0.6115132158185174,"clumpy":0.701868313779227,"striated":0.2995169082125604},"extyaleb_14":{"outlying":0.008425746813757105,"convex":0.9582360083104002,"skinny":0.3205900811501732,"stringy":0.7107843137254902,"monotonic":0.01008401922718835,"skewed":0.6080525292817607,"clumpy":0.6337043785576598,"striated":0.3137254901960784},"extyaleb_15":{"outlying":0.048480305030245016,"convex":0.831291226257019,"skinny":0.6382587850659616,"stringy":0.6763285024154589,"monotonic":0.0007419752395131853,"skewed":0.6254755088255352,"clumpy":0.6528368448193875,"striated":0.3526570048309179},"extyaleb_16":{"outlying":0.028145277913109206,"convex":0.8800882060023183,"skinny":0.3126207324666408,"stringy":0.6747572815533981,"monotonic":0.06464731418907382,"skewed":0.5986193674051358,"clumpy":0.7315040086568868,"striated":0.3155339805825243},"extyaleb_17":{"outlying":0,"convex":0.6213980587829931,"skinny":0.7896220732198245,"stringy":0.7037037037037037,"monotonic":0.037131252276878794,"skewed":0.6131022211417565,"clumpy":0.6949947328301541,"striated":0.3386243386243386},"extyaleb_18":{"outlying":0.043043133598360324,"convex":0.9903570191598023,"skinny":0.2912539165567103,"stringy":0.7242990654205608,"monotonic":0.05314110208062203,"skewed":0.5511662412917646,"clumpy":0.6492153696396006,"striated":0.3130841121495327},"extyaleb_19":{"outlying":0.038191558721504225,"convex":0.9562665661814607,"skinny":0.28336881469374875,"stringy":0.7101449275362319,"monotonic":0.014357274063465828,"skewed":0.6088679215081002,"clumpy":0.6172361625519535,"striated":0.37681159420289856},"extyaleb_20":{"outlying":0.10512138200361078,"convex":0.798664779731094,"skinny":0.47947670256722175,"stringy":0.6842105263157895,"monotonic":0.0004778193031191425,"skewed":0.7177867457710476,"clumpy":0.6916954555449432,"striated":0.3105263157894737},"extyaleb_21":{"outlying":0.022705541119666568,"convex":0.8594835306004215,"skinny":0.5230561028454723,"stringy":0.6886792452830188,"monotonic":0.00007452402976071014,"skewed":0.6349867417759083,"clumpy":0.699648973779647,"striated":0.2971698113207547},"extyaleb_22":{"outlying":0.028010361820627605,"convex":0.7851768215059209,"skinny":0.2864456013428608,"stringy":0.7268518518518519,"monotonic":0.0016523135498140342,"skewed":0.655877363932952,"clumpy":0.739291986064444,"striated":0.33796296296296297},"extyaleb_23":{"outlying":0.05200978118864906,"convex":0.5910082574490407,"skinny":0.7364554364194333,"stringy":0.7073170731707317,"monotonic":0.0117641450160119,"skewed":0.635080795302637,"clumpy":0.7100768635287609,"striated":0.37073170731707317},"extyaleb_24":{"outlying":0.14753111584838569,"convex":0.4873431707370881,"skinny":0.4970760281157228,"stringy":0.7272727272727273,"monotonic":0.000012116911188084409,"skewed":0.6967141545814575,"clumpy":0.8125132363183433,"striated":0.3465909090909091},"extyaleb_25":{"outlying":0.03441638783747093,"convex":0.519645157686729,"skinny":0.8971968269473092,"stringy":0.7327935222672065,"monotonic":0.03474799462251651,"skewed":0.7128830943541664,"clumpy":0.718951140319269,"striated":0.31983805668016196},"extyaleb_26":{"outlying":0.034462460374590144,"convex":1.0971143370993555,"skinny":0.5205274043758158,"stringy":0.7031963470319634,"monotonic":0.008415897657926733,"skewed":0.551962048490843,"clumpy":0.7352150812619015,"striated":0.2831050228310502},"extyaleb_27":{"outlying":0.014417106193298244,"convex":1.1076402972242858,"skinny":0.4966154112381107,"stringy":0.6995515695067265,"monotonic":0.013931268460714318,"skewed":0.5640509760534912,"clumpy":0.7432873792962089,"striated":0.32286995515695066},"extyaleb_28":{"outlying":0.01062057641553236,"convex":0.3580467789500037,"skinny":0.8694918815486902,"stringy":0.7658730158730159,"monotonic":0.00007464711909776245,"skewed":0.7425124369789864,"clumpy":0.7458240284679747,"striated":0.40476190476190477},"extyaleb_29":{"outlying":0.020010760285933963,"convex":0.8957038136040414,"skinny":0.7628589131807613,"stringy":0.6837606837606838,"monotonic":0.06012265245721821,"skewed":0.6441193056281433,"clumpy":0.740910181249706,"striated":0.2564102564102564},"extyaleb_30":{"outlying":0.005485621706807754,"convex":0.51256503368793,"skinny":0.901316016261836,"stringy":0.7,"monotonic":0.0012402215734770012,"skewed":0.7044566075252343,"clumpy":0.6873656839066775,"striated":0.3333333333333333},"extyaleb_31":{"outlying":0.022669560091553194,"convex":1.076162445007828,"skinny":0.4364404174278147,"stringy":0.7327188940092166,"monotonic":0.057831069091361806,"skewed":0.6302657040075937,"clumpy":0.7870426105056593,"striated":0.33640552995391704},