{"glassidentification_0":{"outlying":0.009981306602083795,"convex":0.8232816529175181,"skinny":0.3534246176678546,"stringy":0.7025316455696202,"monotonic":0.11359724603810158,"skewed":0.5033929052409987,"clumpy":0.7174878597348632,"striated":0.310126582278481},"glassidentification_1":{"outlying":0,"convex":0.7979080232209377,"skinny":0.44532424352576316,"stringy":0.7197452229299363,"monotonic":0.11399875919868044,"skewed":0.4689324106590596,"clumpy":0.6813450293284651,"striated":0.3248407643312102},"glassidentification_2":{"outlying":0.02493910434248505,"convex":0.637476722965097,"skinny":0.7022309818220607,"stringy":0.6715328467153284,"monotonic":0.04649697434714679,"skewed":0.613823551305528,"clumpy":0.7692258777939955,"striated":0.32116788321167883},"glassidentification_3":{"outlying":0,"convex":0.6166430911176358,"skinny":0.6535910844209278,"stringy":0.7548387096774194,"monotonic":0.022778822001551756,"skewed":0.6325621778131478,"clumpy":0.6079708171311616,"striated":0.3419354838709677},"glassidentification_4":{"outlying":0,"convex":0.7154173277887322,"skinny":0.5603642891823211,"stringy":0.7125,"monotonic":0.12335823465806962,"skewed":0.5775888025239934,"clumpy":0.6884456607813858,"striated":0.3625},"glassidentification_5":{"outlying":0.01223257372613983,"convex":0.5253303375323862,"skinny":0.8121746410771226,"stringy":0.7449664429530202,"monotonic":0.3057367744496604,"skewed":0.6742641650350055,"clumpy":0.7053274999492829,"striated":0.31543624161073824},"glassidentification_6":{"outlying":0.01189619110546619,"convex":0.599353054970394,"skinny":0.7737799324130922,"stringy":0.72,"monotonic":0.28691664520568433,"skewed":0.5633192361252047,"clumpy":0.6758479186482416,"striated":0.35333333333333333},"glassidentification_7":{"outlying":0,"convex":0.7755856949772749,"skinny":0.5457053246701411,"stringy":0.7283950617283951,"monotonic":0.00006309716535605605,"skewed":0.548694414068884,"clumpy":0.6642219039472165,"striated":0.3271604938271605},"glassidentification_8":{"outlying":0.013144024842074616,"convex":0.13063400322125068,"skinny":0.7241202760694481,"stringy":0.7444444444444445,"monotonic":0.23117417016646852,"skewed":0.7032075072443343,"clumpy":0.947645262672095,"striated":0.45555555555555555},"glassidentification_9":{"outlying":0.010525266809992315,"convex":0.7598812677709644,"skinny":0.4830010285616204,"stringy":0.717948717948718,"monotonic":0.28366959771626593,"skewed":0.5566028562517209,"clumpy":0.6534686460020802,"striated":0.28846153846153844},"glassidentification_10":{"outlying":0.3080095871036346,"convex":0.44977004506195084,"skinny":0.5058821144939238,"stringy":0.6964285714285714,"monotonic":0.34701153268456153,"skewed":0.7060936996601547,"clumpy":0.6596634733155813,"striated":0.36607142857142855},"glassidentification_11":{"outlying":0.07221579103034151,"convex":0.8438338251243798,"skinny":0.3083351624580398,"stringy":0.6875,"monotonic":0.19829576076460592,"skewed":0.7289851464200212,"clumpy":0.5417751798220798,"striated":0.3472222222222222},"glassidentification_12":{"outlying":0.2285352649178848,"convex":0.6683593487618625,"skinny":0.6484102812223966,"stringy":0.6504065040650406,"monotonic":0.2305923919767016,"skewed":0.6985587360442505,"clumpy":0.49561999943846713,"striated":0.2764227642276423},"glassidentification_13":{"outlying":0.060220503572724536,"convex":0.23999745066330985,"skinny":0.6818905334601133,"stringy":0.7307692307692307,"monotonic":0.19272606839838213,"skewed":0.7673698842389005,"clumpy":0.8868768847360295,"striated":0.36538461538461536},"glassidentification_14":{"outlying":0.1837824242081297,"convex":0.8130011964404777,"skinny":0.359466131682148,"stringy":0.6842105263157895,"monotonic":0.08768732335504807,"skewed":0.709994318837922,"clumpy":0.6997044248938755,"striated":0.3082706766917293},"glassidentification_15":{"outlying":0.19340820494124905,"convex":0.6949065113288282,"skinny":0.5743943001588908,"stringy":0.7571428571428571,"monotonic":0.04459324474366578,"skewed":0.7393895794011451,"clumpy":0.5836655441384224,"striated":0.39285714285714285},"glassidentification_16":{"outlying":0.086090207380075,"convex":0.8206467999274676,"skinny":0.2583713403150455,"stringy":0.7034482758620689,"monotonic":0.066633601126947,"skewed":0.6848566984716234,"clumpy":0.6845261230070468,"striated":0.36551724137931035},"glassidentification_17":{"outlying":0.18142344321042037,"convex":0.6357083663122945,"skinny":0.6756083427118809,"stringy":0.732824427480916,"monotonic":0.29185105883327356,"skewed":0.7481165588068586,"clumpy":0.6439988627709539,"striated":0.32061068702290074},"glassidentification_18":{"outlying":0.2564898165689305,"convex":0.27048286506568814,"skinny":0.6122726806039844,"stringy":0.6990291262135923,"monotonic":0.3211350035812284,"skewed":0.7620181363044723,"clumpy":0.9013584000106065,"striated":0.2912621359223301},"glassidentification_19":{"outlying":0.17123608733050047,"convex":0.8156954144353031,"skinny":0.27350526152004384,"stringy":0.7278911564625851,"monotonic":0.03881514215807635,"skewed":0.7067738706657001,"clumpy":0.5894927338604771,"striated":0.3469387755102041},"glassidentification_20":{"outlying":0.3117703378465983,"convex":0.6124050662487965,"skinny":0.5076476375223131,"stringy":0.6666666666666666,"monotonic":0.00003600513446220117,"skewed":0.8168008233539326,"clumpy":0.9105432764829214,"striated":0.28125},"glassidentification_21":{"outlying":0.6465932280514495,"convex":0.2143436827086417,"skinny":0.3801957386998549,"stringy":0.6923076923076923,"monotonic":0.01283988415176955,"skewed":0.7216655422500502,"clumpy":0.9797341621089373,"striated":0.21153846153846154},"glassidentification_22":{"outlying":0.2810261572558702,"convex":0.5869514781055453,"skinny":0.6122920236435176,"stringy":0.6979166666666666,"monotonic":3.3155140832562625e-7,"skewed":0.6762351989121631,"clumpy":0.6039992624709785,"striated":0.40625},"glassidentification_23":{"outlying":0.6783184072524682,"convex":0,"skinny":1,"stringy":1,"monotonic":1,"skewed":0.7610373260262302,"clumpy":0.9364956396724692,"striated":1},"glassidentification_24":{"outlying":0.3082145958426071,"convex":0.5297496277694653,"skinny":0.5999634588802993,"stringy":0.7065217391304348,"monotonic":0.07179074440041394,"skewed":0.8608613416210519,"clumpy":0.7570749458497372,"striated":0.2826086956521739},"glassidentification_25":{"outlying":0.10157313705011031,"convex":0.6357799096083063,"skinny":0.7265088017095043,"stringy":0.7388059701492538,"monotonic":0.2528255162021199,"skewed":0.6655648729337731,"clumpy":0.905468666292357,"striated":0.3656716417910448},"glassidentification_26":{"outlying":0.13891248400332898,"convex":0.6392130694035849,"skinny":0.7066092892604975,"stringy":0.6694915254237288,"monotonic":0.16576530612244897,"skewed":0.6810620925697346,"clumpy":0.8592100294662759,"striated":0.2966101694915254},"glassidentification_27":{"outlying":0.11505519515759603,"convex":0.5682714817049915,"skinny":0.6193743582192792,"stringy":0.7794117647058824,"monotonic":0.15251471431184332,"skewed":0.6171873669207897,"clumpy":0.8785073313222965,"striated":0.39705882352941174},"glassidentification_28":{"outlying":0.1403655804725279,"convex":0.5348555759637893,"skinny":0.6383823286723044,"stringy":0.7230769230769231,"monotonic":0.12439455962092685,"skewed":0.5789464614897804,"clumpy":0.7483513949951867,"striated":0.3384615384615385},"glassidentification_29":{"outlying":0.0654709122119963,"convex":0.6411270220679832,"skinny":0.5023076192494547,"stringy":0.6946564885496184,"monotonic":0.15097749144828762,"skewed":0.6559329411651761,"clumpy":0.7777341345285429,"striated":0.32061068702290074},"glassidentification_30":{"outlying":0.10086621353332269,"convex":0.5486931761074519,"skinny":0.6250855937479151,"stringy":0.7235772357723578,"monotonic":0.16505989221789805,"skewed":0.6281041029726092,"clumpy":0.8206178338811392,"striated":0.36585365853658536},"glassidentification_31":{"outlying":0.11832448443336528,"convex":0.755523600191863,"skinny":0.6472401997929972,"stringy":0.7286821705426356,