{"heartdisease_0":{"outlying":0.00829079209822913,"convex":0.8782715070547658,"skinny":0.6088882673165972,"stringy":0.7067307692307693,"monotonic":0.44356452798020424,"skewed":0.493814043577591,"clumpy":0.720851296120304,"striated":0.3317307692307692},"heartdisease_1":{"outlying":0,"convex":0.9401995568086147,"skinny":0.18038862894572416,"stringy":0.7169811320754716,"monotonic":0.265318556428867,"skewed":0.5634712291694762,"clumpy":0.6758909305046621,"striated":0.32547169811320753},"heartdisease_2":{"outlying":0.03446935503485603,"convex":0.16032732524014404,"skinny":0.8006162405783342,"stringy":0.7708333333333334,"monotonic":0.0039026872678559433,"skewed":0.6789132374707745,"clumpy":0.9744702766603757,"striated":0.4375},"heartdisease_3":{"outlying":0,"convex":0.6624241443107812,"skinny":0.8414244944381182,"stringy":0.7525252525252525,"monotonic":0.38469569011837157,"skewed":0.6509666595407737,"clumpy":0.71455280443563,"striated":0.36363636363636365},"heartdisease_4":{"outlying":0,"convex":0.938184402100891,"skinny":0.2317161572482458,"stringy":0.7268518518518519,"monotonic":0.46834520137861735,"skewed":0.5692894787294932,"clumpy":0.7386191644040649,"striated":0.3333333333333333},"heartdisease_5":{"outlying":0,"convex":0.9115354678479899,"skinny":0.3303726169507434,"stringy":0.705607476635514,"monotonic":0.4098271422250533,"skewed":0.5262137155227634,"clumpy":0.6950291712320562,"striated":0.3411214953271028},"heartdisease_6":{"outlying":0,"convex":0.9231313280400159,"skinny":0.3855546248229087,"stringy":0.7255813953488373,"monotonic":0.33691431009598427,"skewed":0.49511079928918506,"clumpy":0.646584974494965,"striated":0.31627906976744186},"heartdisease_7":{"outlying":0,"convex":0.9071911323420149,"skinny":0.20179589340058535,"stringy":0.6857142857142857,"monotonic":0.46934643882145605,"skewed":0.5323243172706096,"clumpy":0.6805233150083076,"striated":0.28095238095238095},"heartdisease_8":{"outlying":0,"convex":0.9398806266992785,"skinny":0.46411650001798566,"stringy":0.7216981132075472,"monotonic":0.08605066851791926,"skewed":0.5080828842366049,"clumpy":0.6560253149386985,"striated":0.2971698113207547},"heartdisease_10":{"outlying":0.17128512709382177,"convex":0.6876272182231425,"skinny":0.44437121632635246,"stringy":0.7219251336898396,"monotonic":0.05920056142470959,"skewed":0.5918117581005046,"clumpy":0.6912877485447206,"striated":0.3048128342245989},"heartdisease_9":{"outlying":0.007304299305990057,"convex":0.9292230604069126,"skinny":0.16599617636254238,"stringy":0.6901408450704225,"monotonic":0.3011468002156078,"skewed":0.46856276489120036,"clumpy":0.6986740965209624,"striated":0.3192488262910798},"heartdisease_11":{"outlying":0.3080551896302667,"convex":0.7794215602271088,"skinny":0.411152403576881,"stringy":0.65,"monotonic":0.3014293582867992,"skewed":0.6163560008221575,"clumpy":0.5274908685523909,"striated":0.30714285714285716},"heartdisease_12":{"outlying":0.2923562058552692,"convex":0.7447925485996914,"skinny":0.3594715457342663,"stringy":0.6065573770491803,"monotonic":0.46166695694892446,"skewed":0.6078864290681488,"clumpy":0.46846011383177066,"striated":0.27049180327868855},"heartdisease_13":{"outlying":0.21964992722242416,"convex":0.81929564886976,"skinny":0.31852562811925156,"stringy":0.672514619883041,"monotonic":0.38011820060952056,"skewed":0.6421129601026844,"clumpy":0.630306510340818,"striated":0.3157894736842105},"heartdisease_14":{"outlying":0.3892017335373568,"convex":0.6351615535107795,"skinny":0.5962717115220006,"stringy":0.67,"monotonic":0.519347104581311,"skewed":0.6937771685408278,"clumpy":0.37532819034676823,"striated":0.31},"heartdisease_15":{"outlying":0.23256444026017953,"convex":0.7713295890399416,"skinny":0.45458832031253027,"stringy":0.6628571428571428,"monotonic":0.34376297853563575,"skewed":0.5937133932656704,"clumpy":0.7793996841814506,"striated":0.34285714285714286},"heartdisease_16":{"outlying":0.4261784155923506,"convex":0.46058976868797885,"skinny":0.7509614814225027,"stringy":0.6714285714285714,"monotonic":0.4747389138439297,"skewed":0.6882676284203694,"clumpy":0.5151900185421967,"striated":0.3142857142857143},"heartdisease_17":{"outlying":0.425307618493535,"convex":0.6778970047027794,"skinny":0.5533900295391411,"stringy":0.6707317073170732,"monotonic":0.6319698588922988,"skewed":0.6334969258459995,"clumpy":0.32316581551326673,"striated":0.2804878048780488},"heartdisease_18":{"outlying":0.27653451288127506,"convex":0.7524857663605504,"skinny":0.5030513940658098,"stringy":0.69375,"monotonic":0.04317993471555652,"skewed":0.6297772383103849,"clumpy":0.7716449462248173,"striated":0.29375},"heartdisease_19":{"outlying":0.2265012991761985,"convex":0.7530256821816516,"skinny":0.40349243127593803,"stringy":0.695906432748538,"monotonic":0.4319339604750531,"skewed":0.6582978790768753,"clumpy":0.6243505241960594,"striated":0.3216374269005848},"heartdisease_20":{"outlying":0.18837731705445127,"convex":0.5912034727111443,"skinny":0.5453434970139426,"stringy":0.7307692307692307,"monotonic":0.0002506616361971402,"skewed":0.6962869078828986,"clumpy":0.8682484720186173,"striated":0.2802197802197802},"heartdisease_21":{"outlying":0.15048806390913275,"convex":0.5058285750747188,"skinny":0.7436707729232538,"stringy":0.7486338797814208,"monotonic":0.006032817599578921,"skewed":0.680653965203872,"clumpy":0.7287173453040146,"striated":0.36065573770491804},"heartdisease_22":{"outlying":0.1470113081740906,"convex":0.8469694461444263,"skinny":0.3378539353857163,"stringy":0.7419354838709677,"monotonic":0.00126173601812936,"skewed":0.6707848528138254,"clumpy":0.6241589965684011,"striated":0.27956989247311825},"heartdisease_23":{"outlying":0.20875186232443793,"convex":0.765049092627541,"skinny":0.34412446089491155,"stringy":0.6807228915662651,"monotonic":0.0006912264341546495,"skewed":0.6967050701637335,"clumpy":0.6090824864921932,"striated":0.3132530120481928},"heartdisease_24":{"outlying":0.3129737348205916,"convex":0.7567285403185493,"skinny":0.3322702353650522,"stringy":0.74375,"monotonic":0.0008029334521846011,"skewed":0.6738890395011583,"clumpy":0.7533941098221523,"striated":0.35},"heartdisease_25":{"outlying":0.014909484948557367,"convex":0.8487468158973899,"skinny":0.41177214464269696,"stringy":0.7077625570776256,"monotonic":0.520450370855005,"skewed":0.543490703279652,"clumpy":0.6844630110461538,"striated":0.2922374429223744},"heartdisease_26":{"outlying":0.04768812803513505,"convex":0.703587702039339,"skinny":0.6598680623254279,"stringy":0.7258883248730964,"monotonic":0.6568129107299274,"skewed":0.5052757228607783,"clumpy":0.6533636666992908,"striated":0.27918781725888325},"heartdisease_27":{"outlying":0.01783421039517491,"convex":0.7635465807229602,"skinny":0.6052647550513962,"stringy":0.7053140096618358,"monotonic":0.617459088670228,"skewed":0.5158333966047308,"clumpy":0.5702866760594837,"striated":0.2463768115942029},"heartdisease_28":{"outlying":0.036916791660013895,"convex":0.8663466861286807,"skinny":0.33490312397984134,"stringy":0.7437185929648241,"monotonic":0.49490882035590994,"skewed":0.5456600267633992,"clumpy":0.575046942593556,"striated":0.3417085427135678},"heartdisease_29":{"outlying":0.06515492958441545,"convex":0.7614362875571501,"skinny":0.47860870756235185,"stringy":0.7326732673267327,"monotonic":0.36702760607056584,"skewed":0.5363965670695464,"clumpy":0.6768584312357508,"striated":0.35148514851485146},"heartdisease_30":{"outlying":0.04173252373116803,"convex":0.5145151903694675,"skinny":0.866789770267608,"stringy":0.680952380952381,"monotonic":0.48030323965648664,"skewed":0.6304236047539563,"clumpy":0.6515655338523971,"striated":0.30952380952380953},"heartdisease_31":{"outlying":0.03274577024621183,"convex":0.4499619927087115,"skinny":0.889886071798827,"stringy":0.7476190476190476,"monotonic":0.27728046783179444,"skewed":0.7331458594524654,"clumpy":0.8170962150432706,"striated":0.3904761904761905},"heartdisease_32":{"outlying":0.024323046454189378,"convex":0.8268094709830979,"skinny":0.5450924218286639,