{"hepatitis_0":{"outlying":0,"convex":0.9164127264362388,"skinny":0.11831188094038247,"stringy":0.6607142857142857,"monotonic":0.00003008777083444605,"skewed":0.4220643946325517,"clumpy":0.3861402865890814,"striated":0.3392857142857143},"hepatitis_1":{"outlying":0,"convex":0.8871564495595253,"skinny":0.13920071801695733,"stringy":0.7540983606557377,"monotonic":0.04184930497447188,"skewed":0.4334745471469386,"clumpy":0.5238786524859622,"striated":0.39344262295081966},"hepatitis_2":{"outlying":0,"convex":0.9516817838748457,"skinny":0.09103448760632837,"stringy":0.8153846153846154,"monotonic":0.10683979498378901,"skewed":0.5288401873790178,"clumpy":0.6293776194022795,"striated":0.3384615384615385},"hepatitis_3":{"outlying":0,"convex":0.6730149964681567,"skinny":0.6692018414948883,"stringy":0.7,"monotonic":0.05646472154470339,"skewed":0.49939195948815457,"clumpy":0.435799494994641,"striated":0.23333333333333334},"hepatitis_4":{"outlying":0,"convex":0.4725699671672608,"skinny":0.5997366000396007,"stringy":0.7419354838709677,"monotonic":0.21594386781162409,"skewed":0.6390266530554061,"clumpy":0.636713789593493,"striated":0.4032258064516129},"hepatitis_5":{"outlying":0.023191238991312934,"convex":1.0275894264327736,"skinny":0.3151938945137611,"stringy":0.6491228070175439,"monotonic":0.11304523721259206,"skewed":0.5374377977482432,"clumpy":0.47545677116406804,"striated":0.2982456140350877},"hepatitis_6":{"outlying":0,"convex":0.6254557665054383,"skinny":0.6867742733077109,"stringy":0.7166666666666667,"monotonic":0.3748045685100673,"skewed":0.5109021949917296,"clumpy":0.5900238205677002,"striated":0.3333333333333333},"hepatitis_7":{"outlying":0,"convex":0.949822561619759,"skinny":0.07917494248155443,"stringy":0.6551724137931034,"monotonic":0.08423057103463556,"skewed":0.44618355591298237,"clumpy":0.46207840132490063,"striated":0.2413793103448276},"hepatitis_8":{"outlying":0.0236290281045916,"convex":0.683166647552477,"skinny":0.5988841866038892,"stringy":0.7704918032786885,"monotonic":0.010241965209125911,"skewed":0.5168254658441649,"clumpy":0.6690301274353277,"striated":0.36065573770491804},"hepatitis_9":{"outlying":0.0325714807301711,"convex":0.7161837209552231,"skinny":0.5208781319454305,"stringy":0.7166666666666667,"monotonic":0.0005737587569887621,"skewed":0.5576216181044684,"clumpy":0.617219324928999,"striated":0.38333333333333336},"hepatitis_10":{"outlying":0.2088047955086652,"convex":0.8072240575421321,"skinny":0.22698173769520968,"stringy":0.6470588235294118,"monotonic":0.027833696792874393,"skewed":0.6486995573534258,"clumpy":0.5550470402884358,"striated":0.2549019607843137},"hepatitis_11":{"outlying":0.08335869048614394,"convex":0.9445112508852103,"skinny":0.10186275599429584,"stringy":0.6666666666666666,"monotonic":0.011934510488192026,"skewed":0.6768689183033528,"clumpy":0.5726667639752849,"striated":0.2982456140350877},"hepatitis_13":{"outlying":0.14720685225445776,"convex":0.8378636160170791,"skinny":0.25223266588420235,"stringy":0.7222222222222222,"monotonic":0.02838127347411119,"skewed":0.7115944893118471,"clumpy":0.42703572928636535,"striated":0.37037037037037035},"hepatitis_12":{"outlying":0.08295463183801886,"convex":0.6421613862043439,"skinny":0.6108116378801614,"stringy":0.7868852459016393,"monotonic":0.008661062565606774,"skewed":0.7301555080930829,"clumpy":0.5565324889680217,"striated":0.2786885245901639},"hepatitis_14":{"outlying":0.20150144866891526,"convex":0.8440241957086196,"skinny":0.20203003715541612,"stringy":0.7090909090909091,"monotonic":0.09298773975549804,"skewed":0.6615908026103171,"clumpy":0.5368898484515675,"striated":0.2545454545454545},"hepatitis_15":{"outlying":0.19080539894676818,"convex":0.9699134206638302,"skinny":0.0829906402966698,"stringy":0.75,"monotonic":0.0012748680435797838,"skewed":0.6142824855893668,"clumpy":0.5585791717187059,"striated":0.35714285714285715},"hepatitis_16":{"outlying":0.17878199428847794,"convex":0.6893683824140758,"skinny":0.3550789528765659,"stringy":0.6666666666666666,"monotonic":0.0771542838520054,"skewed":0.7242527126442607,"clumpy":0.38137628185516403,"striated":0.35294117647058826},"hepatitis_17":{"outlying":0.17754601160231492,"convex":0.9278666384277066,"skinny":0.1549241189103,"stringy":0.6415094339622641,"monotonic":0.004213216298871029,"skewed":0.6106137398043019,"clumpy":0.5866462982027573,"striated":0.24528301886792453},"hepatitis_18":{"outlying":0.1671832633024614,"convex":0.8523111593221188,"skinny":0.24921545229735276,"stringy":0.6909090909090909,"monotonic":0.04381965039082656,"skewed":0.5971795609814363,"clumpy":0.7436741561603912,"striated":0.38181818181818183},"hepatitis_19":{"outlying":0.15633363002261796,"convex":0.8246465405034366,"skinny":0.21544982645145072,"stringy":0.7017543859649122,"monotonic":0.0024247041514804226,"skewed":0.5942926544977245,"clumpy":0.7891771220903522,"striated":0.2807017543859649},"hepatitis_20":{"outlying":0.24077636835739258,"convex":0.9032455528449345,"skinny":0.17263544326732494,"stringy":0.7222222222222222,"monotonic":0.02748912391006908,"skewed":0.6662027541995681,"clumpy":0.7163591315478108,"striated":0.3148148148148148},"hepatitis_21":{"outlying":0.13364001304798281,"convex":0.8404491841428704,"skinny":0.24510918412632898,"stringy":0.7407407407407407,"monotonic":0.001603220935269565,"skewed":0.7553049510604258,"clumpy":0.8811541491132441,"striated":0.42592592592592593},"hepatitis_22":{"outlying":0.18071336870568883,"convex":0.6842665324553493,"skinny":0.20449418873195635,"stringy":0.7931034482758621,"monotonic":0.007240638466769833,"skewed":0.7024512636146951,"clumpy":0.798432002963676,"striated":0.27586206896551724},"hepatitis_23":{"outlying":0,"convex":0.9167823779651971,"skinny":0.1319892504820659,"stringy":0.7017543859649122,"monotonic":0.0024116728575704505,"skewed":0.6394551277748838,"clumpy":0.819719063096871,"striated":0.3157894736842105},"hepatitis_24":{"outlying":0.13364001304798281,"convex":0.8404491841428704,"skinny":0.24510918412632898,"stringy":0.7407407407407407,"monotonic":0.001603220935269565,"skewed":0.7553049510604258,"clumpy":0.8811541491132441,"striated":0.42592592592592593},"hepatitis_25":{"outlying":0.054320370478609346,"convex":0.9467578168246175,"skinny":0.1077315578188639,"stringy":0.7241379310344828,"monotonic":0.1182645302749199,"skewed":0.5270987200051154,"clumpy":0.764057229135735,"striated":0.25862068965517243},"hepatitis_26":{"outlying":0.04490959164490441,"convex":0.818280678816587,"skinny":0.5028211614420677,"stringy":0.7936507936507936,"monotonic":0.042836682292563696,"skewed":0.6114951212238174,"clumpy":0.5997853809339528,"striated":0.2698412698412698},"hepatitis_27":{"outlying":0.5988018988369296,"convex":0.8703762926092993,"skinny":0.26863268685508135,"stringy":0.85,"monotonic":0.0007965973133647913,"skewed":0.6976858656510838,"clumpy":0.35730415083438505,"striated":0.35},"hepatitis_28":{"outlying":0.11411449042467119,"convex":0.9238648801922945,"skinny":0.18887084610504257,"stringy":0.6909090909090909,"monotonic":0.006717773593975325,"skewed":0.5532415883109084,"clumpy":0.209325849586376,"striated":0.2727272727272727},"hepatitis_29":{"outlying":0,"convex":0.4403856074358002,"skinny":0.6567563300492938,"stringy":0.78125,"monotonic":0.002990802777948119,"skewed":0.6674320652456565,"clumpy":0.7057293306376059,"striated":0.359375},"hepatitis_30":{"outlying":0.033852104134710403,"convex":0.9229128062324121,"skinny":0.15927583820763203,"stringy":0.7068965517241379,"monotonic":0.2338898921429964,"skewed":0.5156997834941512,"clumpy":0.7206538324831341,"striated":0.29310344827586204},"hepatitis_31":{"outlying":0,"convex":0.9251952443667387,"skinny":0.11440308119942355,"stringy":0.6949152542372882,"monotonic":0.13196342046676157,"skewed":0.5631943372420972,"clumpy":0.6099219720950289,"striated":0.4745762711864407},"hepatitis_32":{"outlying":0,"convex":0.9198261076103617,"skinny":0.1338048400795896,"stringy":0.7741935483870968,"monotonic":0.025539276558243867,"skewed":0.64149214416201,