{"housing_0":{"outlying":0.03411511193267693,"convex":0.012470088355267892,"skinny":0.8797906650581524,"stringy":0.920863309352518,"monotonic":0.06469483460242959,"skewed":0.7243337614733976,"clumpy":0.7010594855916017,"striated":0.7122302158273381},"housing_1":{"outlying":0,"convex":0.1563116211221508,"skinny":0.9275948079866179,"stringy":0.8093023255813954,"monotonic":0.020274977816547822,"skewed":0.6552186899379988,"clumpy":0.40371910103596553,"striated":0.28837209302325584},"housing_2":{"outlying":0,"convex":0.7995920404495431,"skinny":0.6831731618918103,"stringy":0.757847533632287,"monotonic":0.036633549976181956,"skewed":0.6480689388013235,"clumpy":0.4307282901264946,"striated":0.3183856502242152},"housing_3":{"outlying":0,"convex":0.05405884981916397,"skinny":0.9222033105291746,"stringy":0.8304093567251462,"monotonic":0.21147342856342694,"skewed":0.7187882690381073,"clumpy":0.4531389138711517,"striated":0.391812865497076},"housing_5":{"outlying":0,"convex":0.010007045858216098,"skinny":0.8688431825481325,"stringy":0.9642857142857143,"monotonic":0.008919570722525014,"skewed":0.7181125083528822,"clumpy":0.7437655115125918,"striated":0.8214285714285714},"housing_4":{"outlying":0,"convex":0.17651778257321055,"skinny":0.8911511371266053,"stringy":0.766497461928934,"monotonic":0.020283622384960127,"skewed":0.6327795137361822,"clumpy":0.35154150654068816,"striated":0.3299492385786802},"housing_7":{"outlying":0,"convex":0.2905680566541972,"skinny":0.9141642445033353,"stringy":0.7659574468085106,"monotonic":0.04102818333977409,"skewed":0.6341672373649456,"clumpy":0.4892393972882376,"striated":0.33617021276595743},"housing_6":{"outlying":0,"convex":0.13972220974011884,"skinny":0.8626178530409362,"stringy":0.8074866310160428,"monotonic":0.04625598968923755,"skewed":0.6725215423246411,"clumpy":0.3270919142035703,"striated":0.3315508021390374},"housing_8":{"outlying":0,"convex":0.051370434401670835,"skinny":0.9133032369931255,"stringy":0.7868852459016393,"monotonic":0.02264701727842808,"skewed":0.7073510142863267,"clumpy":0.48078176025653196,"striated":0.3825136612021858},"housing_9":{"outlying":0,"convex":0.011758979861411485,"skinny":0.843169242131186,"stringy":0.946969696969697,"monotonic":0.06339723123256287,"skewed":0.6927372644113982,"clumpy":0.43708891877437117,"striated":0.7727272727272727},"housing_10":{"outlying":0.05447448980440116,"convex":0.1660682984413965,"skinny":0.8667989887060328,"stringy":0.8205128205128205,"monotonic":0.006543758895285305,"skewed":0.6832488626112593,"clumpy":0.48490935174180183,"striated":0.4461538461538462},"housing_11":{"outlying":0.40536236756490945,"convex":0.18565244466726236,"skinny":0.8544859298439629,"stringy":0.8875,"monotonic":0.05073745010333189,"skewed":0.7461272966428825,"clumpy":0.46756826646516747,"striated":0.45625},"housing_12":{"outlying":0.6686199429936847,"convex":0.20575726594163557,"skinny":0.7347619135503967,"stringy":0.8947368421052632,"monotonic":0.003760133823781114,"skewed":0.7305566111880963,"clumpy":0.5094949944638167,"striated":0.8245614035087719},"housing_13":{"outlying":0.08073609243208353,"convex":0.8206035110088417,"skinny":0.2729966010166228,"stringy":0.6814516129032258,"monotonic":1.7087524358781186e-7,"skewed":0.5236387927750755,"clumpy":0.8703323752840032,"striated":0.33064516129032256},"housing_14":{"outlying":0.06627500992358452,"convex":0.08088643850573325,"skinny":0.8355290826603763,"stringy":0.8953488372093024,"monotonic":0.010627089511111446,"skewed":0.756869514405939,"clumpy":0.6440595507101099,"striated":0.5058139534883721},"housing_15":{"outlying":0.05191650318234641,"convex":0.4929290913340923,"skinny":0.6698937910299966,"stringy":0.8011049723756906,"monotonic":0.04801137027291311,"skewed":0.8533118106735802,"clumpy":0.3691778666618232,"striated":0.39779005524861877},"housing_16":{"outlying":0.3698564373582796,"convex":0.4912459568917715,"skinny":0.6484266836249182,"stringy":0.7643312101910829,"monotonic":0.005728177048854618,"skewed":0.733846890505425,"clumpy":0.7935846453503053,"striated":0.3503184713375796},"housing_17":{"outlying":0.14947937411609155,"convex":0.12128521607788245,"skinny":0.7988444824808353,"stringy":0.9024390243902439,"monotonic":0.046776643898576796,"skewed":0.6609734831648225,"clumpy":0.7804799792947947,"striated":0.4329268292682927},"housing_18":{"outlying":0.05487838494169553,"convex":0.5112929153079004,"skinny":0.7684854675843269,"stringy":0.8424657534246576,"monotonic":0.022557698037376936,"skewed":0.875552775547696,"clumpy":0.4683239792709103,"striated":0.5068493150684932},"housing_19":{"outlying":0.031043525658265934,"convex":0.09539026281590911,"skinny":0.8793733814079144,"stringy":0.8224852071005917,"monotonic":0.04832085659243168,"skewed":0.6806487956000769,"clumpy":0.8065067598872968,"striated":0.3668639053254438},"housing_20":{"outlying":0.46059593033694834,"convex":0.6087899260461087,"skinny":0.6619528736162057,"stringy":0.6530612244897959,"monotonic":0.003667506983360705,"skewed":0.749995653085448,"clumpy":0.4571706263237111,"striated":0.30612244897959184},"housing_21":{"outlying":0.3384522408939538,"convex":0.6535793552509326,"skinny":0.5987538073169367,"stringy":0.6818181818181818,"monotonic":0.0029979663322928936,"skewed":0.658851443678243,"clumpy":0.5845587756614135,"striated":0.2828282828282828},"housing_22":{"outlying":0.3570423457504738,"convex":0.7239761690440747,"skinny":0.5066312021191073,"stringy":0.6446280991735537,"monotonic":0.00005585380329557263,"skewed":0.7070011083074423,"clumpy":0.5567134160406377,"striated":0.24793388429752067},"housing_23":{"outlying":0.2244577270484529,"convex":0.6307349467054822,"skinny":0.6301423376252628,"stringy":0.6909871244635193,"monotonic":0.005277068391974863,"skewed":0.6305403403684648,"clumpy":0.7845236449202746,"striated":0.26180257510729615},"housing_24":{"outlying":0.5395369913523954,"convex":0.7740373065176219,"skinny":0.4035233873353885,"stringy":0.6617647058823529,"monotonic":0.007054906173702375,"skewed":0.7082147151935666,"clumpy":0.46724508486827954,"striated":0.20588235294117646},"housing_25":{"outlying":0.04993212287015785,"convex":0.1899360802023909,"skinny":0.8974191040201004,"stringy":0.8017241379310345,"monotonic":0.9970599460563067,"skewed":0.6878374676447686,"clumpy":0.3347588956090517,"striated":0.4482758620689655},"housing_26":{"outlying":0.027138851690806744,"convex":0.04165790205834039,"skinny":0.8841650930839282,"stringy":0.8471337579617835,"monotonic":0.027391713379912273,"skewed":0.7054782481039428,"clumpy":0.4968328680184666,"striated":0.445859872611465},"housing_27":{"outlying":0.031601298416909764,"convex":0.12311917523709365,"skinny":0.8591781026847047,"stringy":0.8990825688073395,"monotonic":0.9978730577850737,"skewed":0.7652192708340757,"clumpy":0.2816558415460235,"striated":0.46788990825688076},"housing_28":{"outlying":0.06666312771353831,"convex":0.06730410060340013,"skinny":0.8708716470903288,"stringy":0.7875,"monotonic":0.1389340985314531,"skewed":0.6836801464982482,"clumpy":0.5520654837387349,"striated":0.39375},"housing_29":{"outlying":0.15693768089161508,"convex":0.6960754327176837,"skinny":0.8198194259382356,"stringy":0.7440944881889764,"monotonic":0.0782016253045297,"skewed":0.6138177511808686,"clumpy":0.7988304057069583,"striated":0.3188976377952756},"housing_30":{"outlying":0.04513706142221976,"convex":0.031008833369804867,"skinny":0.8858491396976642,"stringy":0.8518518518518519,"monotonic":0.0671990817806448,"skewed":0.6840483734660817,"clumpy":0.560285063901594,"striated":0.4012345679012346},"housing_31":{"outlying":0,"convex":0.06968189329359886,"skinny":0.8834665601263929,"stringy":0.8274111675126904,"monotonic":0.008347369836991416,"skewed":0.7706135058165575,"clumpy":0.7489219879703137,"striated":0.5431472081218274},"housing_32":{"outlying":0.013142738626490274,"convex":0.05209592199079373,"skinny":0.9096247623982077,"stringy":0.8785714285714286,"monotonic":0.3823917390133996,"skewed":0.6553076245301457,"clumpy":0.36218751300923935,