{"iris_0":{"outlying":0.0108860433149886,"convex":0.0844255045123536,"skinny":0.8181424548238726,"stringy":0.7558139534883721,"monotonic":0.17311336811195255,"skewed":0.6169203711817572,"clumpy":0.9540903138761526,"striated":0.36046511627906974},"iris_1":{"outlying":0,"convex":0.1307476436304385,"skinny":0.521297394843128,"stringy":0.7358490566037735,"monotonic":0.8261889177086306,"skewed":0.6736831244480922,"clumpy":0.9787781719404304,"striated":0.3018867924528302},"iris_2":{"outlying":0.07769527237565449,"convex":0.06696093570168582,"skinny":0.8116138573713367,"stringy":0.8,"monotonic":0.8461188977429066,"skewed":0.6587191097599643,"clumpy":0.9352952932059129,"striated":0.37333333333333335},"iris_3":{"outlying":0,"convex":0.2838908766506435,"skinny":0.7292570938946165,"stringy":0.719626168224299,"monotonic":0.003321319681984452,"skewed":0.582197332469208,"clumpy":0.807642719150329,"striated":0.2803738317757009},"iris_4":{"outlying":0,"convex":0.04941367184016972,"skinny":0.8397275087412224,"stringy":0.7945205479452054,"monotonic":0.2069460220265181,"skewed":0.6757570328946993,"clumpy":0.9674761022508002,"striated":0.273972602739726},"iris_5":{"outlying":0,"convex":0.11565547943655839,"skinny":0.7562337247793802,"stringy":0.7241379310344828,"monotonic":0.10758973896395915,"skewed":0.5872837985305147,"clumpy":0.9517168931728313,"striated":0.3333333333333333},"iris_7":{"outlying":0,"convex":0.12576021806006582,"skinny":0.809034320840459,"stringy":0.6391752577319587,"monotonic":0.0009093845776968817,"skewed":0.5922104175718914,"clumpy":0.942128505093044,"striated":0.28865979381443296},"iris_6":{"outlying":0.04330307720812133,"convex":0.08652145688990912,"skinny":0.8209134109498524,"stringy":0.6785714285714286,"monotonic":0.20010320480263716,"skewed":0.5893051714617582,"clumpy":0.941803412176899,"striated":0.32142857142857145},"iris_8":{"outlying":0,"convex":0.27923573799890034,"skinny":0.5542025530547217,"stringy":0.7087378640776699,"monotonic":0.7212676068909459,"skewed":0.4561142813142336,"clumpy":0.9274801264812639,"striated":0.32038834951456313},"iris_9":{"outlying":0,"convex":0.31091737804928027,"skinny":0.5281665519804812,"stringy":0.6842105263157895,"monotonic":0.7763402926317999,"skewed":0.5857229922389223,"clumpy":0.9519658899861181,"striated":0.28421052631578947},"iris_10":{"outlying":0.15658042834804958,"convex":0.17859908896914986,"skinny":0.6716057294310254,"stringy":0.6547619047619048,"monotonic":0.07273588994974639,"skewed":0.6718166146751661,"clumpy":0.9219378962212433,"striated":0.2857142857142857},"iris_11":{"outlying":0.137663002495452,"convex":0.13972167782019712,"skinny":0.7525079710220085,"stringy":0.6125,"monotonic":0.3222328529993896,"skewed":0.620163324975454,"clumpy":0.9297372203536235,"striated":0.275},"iris_12":{"outlying":0.17753635429268902,"convex":0.20355631025324572,"skinny":0.5391072308547917,"stringy":0.6363636363636364,"monotonic":0.5885273950059917,"skewed":0.6205528125114915,"clumpy":0.9471338577698099,"striated":0.24675324675324675},"iris_13":{"outlying":0.22699680741687844,"convex":0.3548376608455877,"skinny":0.48352768282905356,"stringy":0.6551724137931034,"monotonic":0.20036488425106844,"skewed":0.6183576603073381,"clumpy":0.8838204423925204,"striated":0.3333333333333333},"iris_14":{"outlying":0.2965215442772312,"convex":0.19472410327671397,"skinny":0.5990814823550412,"stringy":0.6794871794871795,"monotonic":0.08564477372071877,"skewed":0.62839225141089,"clumpy":0.9277045127404029,"striated":0.3076923076923077},"iris_15":{"outlying":0.29715748512959905,"convex":0.18374738639699514,"skinny":0.6935489306097352,"stringy":0.691358024691358,"monotonic":0.01618183923884648,"skewed":0.6977883260568267,"clumpy":0.9155057821181508,"striated":0.3333333333333333},"iris_16":{"outlying":0.3093051235092416,"convex":0.20878362237466366,"skinny":0.6481602059302027,"stringy":0.6438356164383562,"monotonic":0.32818054979791167,"skewed":0.6734156203666942,"clumpy":0.9422185039374639,"striated":0.3424657534246575},"iris_17":{"outlying":0.3163941925463024,"convex":0.1656449329345521,"skinny":0.7169196682063678,"stringy":0.6823529411764706,"monotonic":0.08399216844196007,"skewed":0.5958802477138302,"clumpy":0.9233915688470161,"striated":0.27058823529411763},"iris_18":{"outlying":0.11920026430826844,"convex":0.3755207095268105,"skinny":0.5598887618179672,"stringy":0.71875,"monotonic":0.12141004688024794,"skewed":0.6667883436056731,"clumpy":0.8297761430843964,"striated":0.4166666666666667},"iris_19":{"outlying":0.3328870323078118,"convex":0.16138662145181482,"skinny":0.7001569273544832,"stringy":0.7176470588235294,"monotonic":0.033216174055580305,"skewed":0.7269765392889906,"clumpy":0.9372885333090403,"striated":0.27058823529411763},"iris_20":{"outlying":0.027746466019195518,"convex":0.5050650659244293,"skinny":0.4898858089821241,"stringy":0.6704545454545454,"monotonic":4.5889106111601094e-7,"skewed":0.6381143409555767,"clumpy":0.6777696049045968,"striated":0.375},"iris_21":{"outlying":0.128714182812978,"convex":0.6368420147986192,"skinny":0.4558076556019911,"stringy":0.696969696969697,"monotonic":0.0001937940357293516,"skewed":0.7230350408161486,"clumpy":0.6661064795154148,"striated":0.3333333333333333},"iris_22":{"outlying":0.22611985332541307,"convex":0.341292478531009,"skinny":0.6983128749601606,"stringy":0.717391304347826,"monotonic":0.014920900891942304,"skewed":0.7476202840763895,"clumpy":0.6818994567909021,"striated":0.31521739130434784},"iris_23":{"outlying":0,"convex":0,"skinny":1,"stringy":1,"monotonic":1,"skewed":0.8016259038300647,"clumpy":0.8374754469165512,"striated":1},"iris_24":{"outlying":0.22611985332541307,"convex":0.341292478531009,"skinny":0.6983128749601606,"stringy":0.717391304347826,"monotonic":0.014920900891942304,"skewed":0.7476202840763895,"clumpy":0.6818994567909021,"striated":0.31521739130434784},"iris_25":{"outlying":0.01923318262446994,"convex":0.3484290701323484,"skinny":0.5783380641102487,"stringy":0.6707317073170732,"monotonic":0.7339765210526391,"skewed":0.6084419682340308,"clumpy":0.9324751487364129,"striated":0.2926829268292683},"iris_26":{"outlying":0.21088143642787208,"convex":0.1796971905843177,"skinny":0.7827433668716057,"stringy":0.6777777777777778,"monotonic":0.017589223413653064,"skewed":0.6430086643484433,"clumpy":0.9319272415261523,"striated":0.23333333333333334},"iris_27":{"outlying":0.014291068227626698,"convex":0.14455023664000108,"skinny":0.7015785550295364,"stringy":0.717948717948718,"monotonic":0.4956172017504351,"skewed":0.6605877886457602,"clumpy":0.9677643750073862,"striated":0.2564102564102564},"iris_28":{"outlying":0.020630974666992343,"convex":0.3015190865306347,"skinny":0.6751816718469029,"stringy":0.7439024390243902,"monotonic":0.8664745729526906,"skewed":0.6552536529668773,"clumpy":0.9462611037398047,"striated":0.3902439024390244},"iris_29":{"outlying":0.04722788941135104,"convex":0.4385792961056889,"skinny":0.5314506849009668,"stringy":0.7692307692307693,"monotonic":0.2195180144493721,"skewed":0.505164992777397,"clumpy":0.7996838881237888,"striated":0.34615384615384615},"iris_30":{"outlying":0.029914709968498505,"convex":0.10004223388258243,"skinny":0.7722604017545551,"stringy":0.6164383561643836,"monotonic":0.17806815850588023,"skewed":0.6866825211926422,"clumpy":0.9468762603629881,"striated":0.3150684931506849},"iris_31":{"outlying":0.02617028410070463,"convex":0.4456136268989959,"skinny":0.4745014234749455,"stringy":0.7474747474747475,"monotonic":0.014341622839593114,"skewed":0.6316523022008077,"clumpy":0.682521330030869,"striated":0.3333333333333333},"iris_32":{"outlying":0.030429312362904495,"convex":0.42058217081242866,"skinny":0.4902844703870681,"stringy":0.7254901960784313,"monotonic":0.27620700273686216,"skewed":0.5008902688444604,"clumpy":0.7426581966908644,"striated":0.3333333333333333},"iris_33":{"outlying":0.35644857718960987,"convex":0.17821195647935922,"skinny":0.6290109833101598,"stringy":0.6,"monotonic":0.5971069304998656,"skewed":0.5295374756233752,