{"mnist64_0":{"outlying":0.04786768046458617,"convex":0.26198404841749123,"skinny":0.8255671191418245,"stringy":0.7084468664850136,"monotonic":0.030109424093227137,"skewed":0.599889895383018,"clumpy":0.9283094446397184,"striated":0.27520435967302453},"mnist64_1":{"outlying":0.04631377336603704,"convex":0.16841623019688096,"skinny":0.7400648843072376,"stringy":0.6455223880597015,"monotonic":0.27197924449035316,"skewed":0.677796543367868,"clumpy":0.9537989960963639,"striated":0.26865671641791045},"mnist64_2":{"outlying":0.00630904659495034,"convex":0.4201292271711131,"skinny":0.8480713098977597,"stringy":0.7039106145251397,"monotonic":0.00538470401838697,"skewed":0.5678861940966814,"clumpy":0.7968614223933518,"striated":0.2569832402234637},"mnist64_3":{"outlying":0.05066662599244101,"convex":0.25716796903068184,"skinny":0.7521443602561312,"stringy":0.5986842105263158,"monotonic":0.00021106565517736557,"skewed":0.6561072086794374,"clumpy":0.7827444156019174,"striated":0.2565789473684211},"mnist64_4":{"outlying":0.02319264150856126,"convex":0.4173831211644504,"skinny":0.88029561470242,"stringy":0.6421052631578947,"monotonic":0.05375719585441003,"skewed":0.6370135970242788,"clumpy":0.8485862431305942,"striated":0.24210526315789474},"mnist64_5":{"outlying":0.04237104742158622,"convex":0.19389322620148708,"skinny":0.7347099209112131,"stringy":0.6946308724832215,"monotonic":0.048885074851873725,"skewed":0.6194338764488,"clumpy":0.9480356286787616,"striated":0.3288590604026846},"mnist64_6":{"outlying":0.18326429181689777,"convex":0.042422241744220615,"skinny":0.7022700431773188,"stringy":0.7102803738317757,"monotonic":0.007676397339453238,"skewed":0.6491285576802014,"clumpy":0.9584666654114627,"striated":0.2616822429906542},"mnist64_7":{"outlying":0.06463006709870384,"convex":0.048739138980772784,"skinny":0.7262486428355045,"stringy":0.6637931034482759,"monotonic":0.0004890354127870168,"skewed":0.6038048461174191,"clumpy":0.9654357850660844,"striated":0.2672413793103448},"mnist64_8":{"outlying":0.07860307301279075,"convex":0.14210375801321193,"skinny":0.7317032437264817,"stringy":0.6938775510204082,"monotonic":0.10438866430038254,"skewed":0.66354302388994,"clumpy":0.9274022892550069,"striated":0.2897959183673469},"mnist64_9":{"outlying":0.03392313068090727,"convex":0.26819153868602835,"skinny":0.7038997824160026,"stringy":0.708092485549133,"monotonic":0.17219373365816654,"skewed":0.6059467407550777,"clumpy":0.95922831686143,"striated":0.28901734104046245},"mnist64_10":{"outlying":0.10016675604616593,"convex":0.727321141274613,"skinny":0.5647682629944392,"stringy":0.6931818181818182,"monotonic":0.0695090928541495,"skewed":0.6787726539000093,"clumpy":0.774833816138149,"striated":0.26704545454545453},"mnist64_11":{"outlying":0.06555746542896275,"convex":0.7178167531119182,"skinny":0.6254324191442429,"stringy":0.6592920353982301,"monotonic":0.04077623180092829,"skewed":0.6487056953181725,"clumpy":0.6510890855092355,"striated":0.23893805309734514},"mnist64_12":{"outlying":0.22949388128996678,"convex":0.09448911238537908,"skinny":0.7960469459692282,"stringy":0.6647058823529411,"monotonic":0.06920758630619402,"skewed":0.7153175528791493,"clumpy":0.9347174458406982,"striated":0.29411764705882354},"mnist64_13":{"outlying":0.05585007831372423,"convex":0.700515361889461,"skinny":0.47591467990683867,"stringy":0.6855670103092784,"monotonic":0.09666823243370556,"skewed":0.6634884363311155,"clumpy":0.8367691573917174,"striated":0.27835051546391754},"mnist64_14":{"outlying":0.14114039647218454,"convex":0.13567708263763645,"skinny":0.7261453537110047,"stringy":0.6881720430107527,"monotonic":0.09131073070347183,"skewed":0.7142412202956923,"clumpy":0.9105019378310165,"striated":0.2956989247311828},"mnist64_15":{"outlying":0.2021522737190982,"convex":0.12694954126594118,"skinny":0.7513016355854301,"stringy":0.6294416243654822,"monotonic":0.0004352979436138603,"skewed":0.6956082026442837,"clumpy":0.9172312372219515,"striated":0.3096446700507614},"mnist64_16":{"outlying":0.18141530701560676,"convex":0.25868727586630413,"skinny":0.8067908330084435,"stringy":0.6646153846153846,"monotonic":0.04942245795086314,"skewed":0.6634301877971785,"clumpy":0.8920281893701522,"striated":0.28923076923076924},"mnist64_17":{"outlying":0.032327545819324725,"convex":0.7153679731113045,"skinny":0.5691944420001742,"stringy":0.6927374301675978,"monotonic":0.0070986015148159914,"skewed":0.7173009131731642,"clumpy":0.6317853606317239,"striated":0.2905027932960894},"mnist64_18":{"outlying":0.23320973496843175,"convex":0.16253165745262255,"skinny":0.7453893073575525,"stringy":0.6681614349775785,"monotonic":0.02772929539499594,"skewed":0.7537917693492637,"clumpy":0.9229527926685558,"striated":0.32286995515695066},"mnist64_19":{"outlying":0.04099034388302543,"convex":0.6110663631464104,"skinny":0.530961709603087,"stringy":0.6564102564102564,"monotonic":0.0014592646910337075,"skewed":0.7203930958107293,"clumpy":0.8155012149449008,"striated":0.2512820512820513},"mnist64_20":{"outlying":0.06470807371408528,"convex":0.7003783647292697,"skinny":0.5175899426711799,"stringy":0.7090163934426229,"monotonic":0.0019003272021683997,"skewed":0.6329979628958449,"clumpy":0.5138414448935549,"striated":0.3073770491803279},"mnist64_21":{"outlying":0,"convex":0,"skinny":1,"stringy":1,"monotonic":1,"skewed":0.7461954855392741,"clumpy":0.37858717769683714,"striated":1},"mnist64_22":{"outlying":0.06263511516033342,"convex":0.7832704883976853,"skinny":0.3875377883736615,"stringy":0.6698113207547169,"monotonic":3.8249573415286295e-7,"skewed":0.6749563938447808,"clumpy":0.5207779683494278,"striated":0.3018867924528302},"mnist64_23":{"outlying":0.06979367973986127,"convex":0.718276456921177,"skinny":0.4653059169661993,"stringy":0.6695278969957081,"monotonic":0.0008772889322569168,"skewed":0.7023490920626945,"clumpy":0.5924883168663281,"striated":0.34334763948497854},"mnist64_24":{"outlying":0.1980682130812288,"convex":0,"skinny":1,"stringy":1,"monotonic":1,"skewed":0.626996180435914,"clumpy":0.6277524615222372,"striated":1},"mnist64_25":{"outlying":0.06536880252264253,"convex":0.35787935316853875,"skinny":0.8110730954546326,"stringy":0.7365079365079366,"monotonic":0.004193385068097644,"skewed":0.7534258199840183,"clumpy":0.8224305193568198,"striated":0.4},"mnist64_26":{"outlying":0.07041980436523455,"convex":0.2136560843556791,"skinny":0.771572489027322,"stringy":0.664804469273743,"monotonic":0.00004644554624406837,"skewed":0.6256783130022054,"clumpy":0.8954936146560452,"striated":0.28212290502793297},"mnist64_27":{"outlying":0.0694163386261424,"convex":0.20324392417407755,"skinny":0.7246200579812911,"stringy":0.6696969696969697,"monotonic":0.0018994198849440294,"skewed":0.6516241113348015,"clumpy":0.9109963364824589,"striated":0.2787878787878788},"mnist64_28":{"outlying":0.07605960485893984,"convex":0.19406740025870314,"skinny":0.7772108235316375,"stringy":0.709375,"monotonic":0.001154473730247486,"skewed":0.6604214022260744,"clumpy":0.8827250857444611,"striated":0.315625},"mnist64_29":{"outlying":0.06299243678536806,"convex":0.19395037214019287,"skinny":0.7622172395916538,"stringy":0.6901840490797546,"monotonic":0.029154930344092847,"skewed":0.6690231320241536,"clumpy":0.8547268515265785,"striated":0.27607361963190186},"mnist64_30":{"outlying":0.0949635444561299,"convex":0.2563187170952172,"skinny":0.718599539429216,"stringy":0.672316384180791,"monotonic":0.07081267744213299,"skewed":0.5947134136448765,"clumpy":0.8936206850593347,"striated":0.2966101694915254},"mnist64_31":{"outlying":0.08765680277476313,"convex":0.20908651193696692,"skinny":0.8206526319227045,"stringy":0.6993670886075949,"monotonic":0.00045963023807206287,"skewed":0.7101085923223731,"clumpy":0.8718691605866944,"striated":0.2911392405063291},"mnist64_32":{"outlying":0.05997585001748941,"convex":0.25835164904546026,"skinny":0.7707245645220538,"stringy":0.7218543046357616,"monotonic":0.0348990417244892,"skewed":0.6327488587542192,"clumpy":0.8334345481060175,