{"olive_0":{"outlying":0.0625174566079553,"convex":0.34945488569829086,"skinny":0.893699117643446,"stringy":0.6983606557377049,"monotonic":0.07400273917058914,"skewed":0.6407087498310962,"clumpy":0.8498468789930793,"striated":0.25245901639344265},"olive_1":{"outlying":0.035926135048244816,"convex":0.4048100651801663,"skinny":0.8935985019008563,"stringy":0.7089783281733746,"monotonic":0.3460674496399195,"skewed":0.5844826552013195,"clumpy":0.5495976386194129,"striated":0.30959752321981426},"olive_2":{"outlying":0.0370098224176225,"convex":0.5580314519585056,"skinny":0.853825382425461,"stringy":0.6722408026755853,"monotonic":0.1650458312898757,"skewed":0.5843134446366212,"clumpy":0.5601459886698064,"striated":0.28762541806020064},"olive_3":{"outlying":0.050494770905422016,"convex":0.19000334900224003,"skinny":0.7890507063298172,"stringy":0.7300884955752213,"monotonic":0.08878077670609733,"skewed":0.6722693350464284,"clumpy":0.8893448713141239,"striated":0.336283185840708},"olive_4":{"outlying":0.0397542044205849,"convex":0.5720941072131404,"skinny":0.8591423492586963,"stringy":0.7040816326530612,"monotonic":0.21066992678801283,"skewed":0.5963591358074662,"clumpy":0.7069651470395855,"striated":0.336734693877551},"olive_5":{"outlying":0.055933339831683096,"convex":0.20275560360110342,"skinny":0.8167690190080588,"stringy":0.7431192660550459,"monotonic":0.09362346239334468,"skewed":0.6683423174673104,"clumpy":0.8893381408786749,"striated":0.39908256880733944},"olive_6":{"outlying":0.05589204583846586,"convex":0.5490405653665488,"skinny":0.8559524521005355,"stringy":0.696969696969697,"monotonic":0.013510427896111676,"skewed":0.5857079345281324,"clumpy":0.7707564917166778,"striated":0.3265993265993266},"olive_7":{"outlying":0.049076518531643125,"convex":0.5216137875540385,"skinny":0.8788863825385811,"stringy":0.7142857142857143,"monotonic":0.48083892096876346,"skewed":0.5674369072697384,"clumpy":0.7590905210748933,"striated":0.3436293436293436},"olive_8":{"outlying":0.03440270209856884,"convex":0.5695403590859259,"skinny":0.8446042155018261,"stringy":0.6810035842293907,"monotonic":0.1307413979038862,"skewed":0.5985116646882641,"clumpy":0.7990072531885359,"striated":0.3333333333333333},"olive_9":{"outlying":0.021725596422155095,"convex":0.0659697128093236,"skinny":0.7974220317661344,"stringy":0.8,"monotonic":0.0011903198600225252,"skewed":0.7271130951050466,"clumpy":0.9449866739457072,"striated":0.475},"olive_10":{"outlying":0.2147082846383892,"convex":0.43733594272301335,"skinny":0.7938057203505476,"stringy":0.7330316742081447,"monotonic":0.35113339608743854,"skewed":0.7381365900452138,"clumpy":0.8102694519482462,"striated":0.29411764705882354},"olive_11":{"outlying":0.19659973641827078,"convex":0.5078246409924053,"skinny":0.7802215750274692,"stringy":0.6666666666666666,"monotonic":0.5646531867703122,"skewed":0.6719457711041971,"clumpy":0.6888178269304415,"striated":0.3013698630136986},"olive_12":{"outlying":0.1445687380602484,"convex":0.5693929170122135,"skinny":0.852584485609972,"stringy":0.640495867768595,"monotonic":0.28624637409799686,"skewed":0.6766060418490656,"clumpy":0.6199854245554315,"striated":0.2892561983471074},"olive_13":{"outlying":0.2605863100915676,"convex":0.2320185637255555,"skinny":0.8966865969918831,"stringy":0.69375,"monotonic":0.5710072832928031,"skewed":0.6765697076645724,"clumpy":0.7778813351889706,"striated":0.3125},"olive_14":{"outlying":0.2390376122053732,"convex":0.4753839037925479,"skinny":0.8367066705899494,"stringy":0.7342995169082126,"monotonic":0.38496229205865745,"skewed":0.6842139251353183,"clumpy":0.817915930664029,"striated":0.2463768115942029},"olive_15":{"outlying":0.1897474020392709,"convex":0.5724183617737157,"skinny":0.8260871198960195,"stringy":0.6596858638743456,"monotonic":0.438638220187344,"skewed":0.7511723754129451,"clumpy":0.8535529933550315,"striated":0.2617801047120419},"olive_16":{"outlying":0.2223840379293048,"convex":0.43877313071759017,"skinny":0.8604802513485666,"stringy":0.6650246305418719,"monotonic":0.4263733718428288,"skewed":0.6671657421821282,"clumpy":0.6276226561171889,"striated":0.28078817733990147},"olive_17":{"outlying":0.21553042705722764,"convex":0.4514063568042236,"skinny":0.8249694392467827,"stringy":0.7125748502994012,"monotonic":0.17526306060793365,"skewed":0.7409835675905753,"clumpy":0.704204874881395,"striated":0.2754491017964072},"olive_18":{"outlying":0.1899492963552238,"convex":0.5781611724077772,"skinny":0.7161626602160924,"stringy":0.7104247104247104,"monotonic":0.010192502833476542,"skewed":0.6645872701171187,"clumpy":0.5543070576361855,"striated":0.35135135135135137},"olive_19":{"outlying":0.3093520421002155,"convex":0.2642656423710725,"skinny":0.7455899583836237,"stringy":0.5697674418604651,"monotonic":0.09259721210414641,"skewed":0.7452049809395607,"clumpy":0.8135329580321825,"striated":0.20930232558139536},"olive_20":{"outlying":0.18844088615573726,"convex":0.6781965754463315,"skinny":0.6811600566346676,"stringy":0.7261904761904762,"monotonic":0.0007659026067868055,"skewed":0.7377783191645891,"clumpy":0.6441483532951655,"striated":0.32142857142857145},"olive_21":{"outlying":0.1463574577660986,"convex":0.7363835687555215,"skinny":0.5893542585083811,"stringy":0.7191780821917808,"monotonic":0.0000048675974817619725,"skewed":0.7051033077283959,"clumpy":0.7342972341156526,"striated":0.2910958904109589},"olive_22":{"outlying":0.18435910246225234,"convex":0.639184004419846,"skinny":0.6372281574337473,"stringy":0.7148014440433214,"monotonic":0.0006966014162067356,"skewed":0.6989823392239412,"clumpy":0.6687112529255984,"striated":0.3176895306859206},"olive_24":{"outlying":0.14446777918609505,"convex":0.6041055151598032,"skinny":0.7348434467919686,"stringy":0.7172413793103448,"monotonic":0.002204017002175552,"skewed":0.7216141665131683,"clumpy":0.7728195093128316,"striated":0.33448275862068966},"olive_23":{"outlying":0.20175098585675605,"convex":0.5190477186243677,"skinny":0.7251387170460697,"stringy":0.722007722007722,"monotonic":0.010495898982669363,"skewed":0.6994029641022935,"clumpy":0.8068190854782628,"striated":0.35135135135135137},"olive_25":{"outlying":0.07830237556322144,"convex":0.38612411090002174,"skinny":0.7551753119028375,"stringy":0.7132616487455197,"monotonic":0.45750042408860275,"skewed":0.6308040406047337,"clumpy":0.7097195642876091,"striated":0.3046594982078853},"olive_26":{"outlying":0,"convex":0.3742041471334834,"skinny":0.8573766964244509,"stringy":0.8,"monotonic":0.010189697624933759,"skewed":0.8073517043723162,"clumpy":0.8168634531283027,"striated":0.45},"olive_27":{"outlying":0.06743845744506435,"convex":0.2756922071077335,"skinny":0.9219375158418257,"stringy":0.6870229007633588,"monotonic":0.16132184421226212,"skewed":0.6701842692678919,"clumpy":0.8870054992241335,"striated":0.30916030534351147},"olive_28":{"outlying":0.051889721070109154,"convex":0.37398948282490874,"skinny":0.8894748660903673,"stringy":0.6666666666666666,"monotonic":0.2955725006863138,"skewed":0.6208698017814623,"clumpy":0.7981219919277757,"striated":0.2740740740740741},"olive_29":{"outlying":0.06475300258783229,"convex":0.34308556442687804,"skinny":0.8226943602099294,"stringy":0.7,"monotonic":0.6225322115081692,"skewed":0.6429275204444699,"clumpy":0.6846680125678206,"striated":0.31153846153846154},"olive_30":{"outlying":0.11917659215178324,"convex":0.29246730493112927,"skinny":0.825744996521715,"stringy":0.7007874015748031,"monotonic":0.41236853534957335,"skewed":0.6168583347899916,"clumpy":0.7080888263632961,"striated":0.2874015748031496},"olive_31":{"outlying":0.06723436681727805,"convex":0.3498408670253405,"skinny":0.9135321887727046,"stringy":0.6889763779527559,"monotonic":0.5068941238818951,"skewed":0.6449312080760993,"clumpy":0.6225931105728922,"striated":0.2795275590551181},"olive_32":{"outlying":0.04917848558138057,"convex":0.3075042728995473,"skinny":0.9040575807008986,"stringy":0.6814814814814815,"monotonic":0.10440356153847838,"skewed":0.6753429355457201,