{"weather_0":{"outlying":0,"convex":0.025998146845053964,"skinny":0.6955201997373179,"stringy":0.64,"monotonic":0.04436526440832285,"skewed":0.6523199592790515,"clumpy":0.9659132898024957,"striated":0.2733333333333333},"weather_1":{"outlying":0,"convex":0.03734726704922391,"skinny":0.6934743801903784,"stringy":0.7664670658682635,"monotonic":0.006498217198604184,"skewed":0.5988260683780234,"clumpy":0.9710020514638777,"striated":0.3592814371257485},"weather_2":{"outlying":0,"convex":0.07287279183878752,"skinny":0.6892334113646766,"stringy":0.6733333333333333,"monotonic":0.03850352485805798,"skewed":0.670172418327459,"clumpy":0.9128469973650383,"striated":0.3},"weather_3":{"outlying":0.02087502609277225,"convex":0.016350414099857217,"skinny":0.794216359946353,"stringy":0.7402597402597403,"monotonic":0.07092221295301379,"skewed":0.6933369609022079,"clumpy":0.973840124819612,"striated":0.3116883116883117},"weather_4":{"outlying":0,"convex":0.03366243447987884,"skinny":0.6814982330722077,"stringy":0.6666666666666666,"monotonic":0.06326670863425089,"skewed":0.5928563319934785,"clumpy":0.9665504926399475,"striated":0.26666666666666666},"weather_5":{"outlying":0.02726359758287627,"convex":0.019457124700599123,"skinny":0.8025158436711669,"stringy":0.7388535031847133,"monotonic":0.000007079363613604637,"skewed":0.6840605880253929,"clumpy":0.9711426392733721,"striated":0.3248407643312102},"weather_6":{"outlying":0.009470447781378134,"convex":0.004577775788718985,"skinny":0.7899568379287679,"stringy":0.6973684210526315,"monotonic":0.0075184557295224965,"skewed":0.7433406831598914,"clumpy":0.9841194996471586,"striated":0.3092105263157895},"weather_7":{"outlying":0.008205848192473214,"convex":0.010581781885191373,"skinny":0.7714301917061291,"stringy":0.759493670886076,"monotonic":0.08633368831976108,"skewed":0.718901084848,"clumpy":0.9748043917183944,"striated":0.35443037974683544},"weather_8":{"outlying":0.008806418668806694,"convex":0.030592511883995418,"skinny":0.7184878897819567,"stringy":0.7421383647798742,"monotonic":0.15594491649194106,"skewed":0.6218426939159111,"clumpy":0.9705359648472116,"striated":0.29559748427672955},"weather_9":{"outlying":0.008810751549876459,"convex":0.026221162290771108,"skinny":0.7167191841823142,"stringy":0.7421383647798742,"monotonic":0.3783278118474748,"skewed":0.6623198183903157,"clumpy":0.9758179564877812,"striated":0.33962264150943394},"weather_10":{"outlying":0.4385880063207921,"convex":0.02062061560186396,"skinny":0.7845216185689154,"stringy":0.7092198581560284,"monotonic":0.25592913756943153,"skewed":0.7389774928759935,"clumpy":0.9655361783989569,"striated":0.36879432624113473},"weather_11":{"outlying":0.3466950976435576,"convex":0.03330357373927418,"skinny":0.7529784632312908,"stringy":0.704225352112676,"monotonic":0.10731417141188318,"skewed":0.7357674354688014,"clumpy":0.9404463383586941,"striated":0.36619718309859156},"weather_12":{"outlying":0.2988115022756801,"convex":0.013638833819612822,"skinny":0.7887551271673807,"stringy":0.7727272727272727,"monotonic":0.020099058710579126,"skewed":0.7703539985044743,"clumpy":0.9735239093114663,"striated":0.35064935064935066},"weather_13":{"outlying":0.5373564817730818,"convex":0.03840866680118078,"skinny":0.7326296392795989,"stringy":0.722972972972973,"monotonic":0.061785764925302425,"skewed":0.7019969177942763,"clumpy":0.9434117836663463,"striated":0.3716216216216216},"weather_14":{"outlying":0.5742516176433815,"convex":0.019057820566720764,"skinny":0.7305638701039696,"stringy":0.7908496732026143,"monotonic":0.10877964794532805,"skewed":0.7243946488791243,"clumpy":0.9706931029279199,"striated":0.3202614379084967},"weather_15":{"outlying":0.23574135604761587,"convex":0.06114375501828602,"skinny":0.791891416381045,"stringy":0.6875,"monotonic":0.19604934448814765,"skewed":0.69265080916155,"clumpy":0.9172834191236683,"striated":0.3263888888888889},"weather_16":{"outlying":0.40540200308729174,"convex":0.05589910103857478,"skinny":0.729222664368044,"stringy":0.6417910447761194,"monotonic":0.004403650434133615,"skewed":0.7238238181135747,"clumpy":0.916359408037056,"striated":0.31343283582089554},"weather_17":{"outlying":0.31183674248388576,"convex":0.030445183674423438,"skinny":0.7928850317716806,"stringy":0.7417218543046358,"monotonic":0.00038288254166635426,"skewed":0.8084904992826236,"clumpy":0.9571443385646619,"striated":0.4304635761589404},"weather_18":{"outlying":0.3262816238306848,"convex":0.05466008541546648,"skinny":0.7243741763852347,"stringy":0.6923076923076923,"monotonic":0.022908668601870973,"skewed":0.7613020949963221,"clumpy":0.9426342639799475,"striated":0.2517482517482518},"weather_19":{"outlying":0.35215288358031605,"convex":0.04186549264228459,"skinny":0.7489155110103908,"stringy":0.7163120567375887,"monotonic":0.0023541520653096856,"skewed":0.795515925961297,"clumpy":0.9360568559052326,"striated":0.3191489361702128},"weather_20":{"outlying":0.02059290268714453,"convex":0.5054495199186088,"skinny":0.8221874076795613,"stringy":0.7246376811594203,"monotonic":0.000007598990032529357,"skewed":0.7508402921289189,"clumpy":0.7972030208489311,"striated":0.28502415458937197},"weather_21":{"outlying":0.08053493710251008,"convex":0.4656101456692527,"skinny":0.6814840299535769,"stringy":0.69,"monotonic":0.0012569480942784652,"skewed":0.6986313599238981,"clumpy":0.8512947845272265,"striated":0.36},"weather_22":{"outlying":0.08743432788020389,"convex":0,"skinny":1,"stringy":1,"monotonic":1,"skewed":0.7501774703993094,"clumpy":0.9675831910555708,"striated":1},"weather_23":{"outlying":0.3805748840709482,"convex":0,"skinny":1,"stringy":1,"monotonic":1,"skewed":0.7777644352372544,"clumpy":0.9932061967585337,"striated":1},"weather_24":{"outlying":0.21978838567389286,"convex":0,"skinny":1,"stringy":1,"monotonic":1,"skewed":0.8033441309020144,"clumpy":0.8784133148084504,"striated":1},"weather_25":{"outlying":0.009096421085886867,"convex":0.06498701929838128,"skinny":0.8451505962501715,"stringy":0.7844311377245509,"monotonic":0.0007530521830103629,"skewed":0.751729758735218,"clumpy":0.8867046062290264,"striated":0.3592814371257485},"weather_26":{"outlying":0.10188905165017047,"convex":0.0274403791671489,"skinny":0.7050789051570365,"stringy":0.7402597402597403,"monotonic":0.13123390576951594,"skewed":0.7027002646389642,"clumpy":0.9620745441239246,"striated":0.3181818181818182},"weather_27":{"outlying":0.09703555811539373,"convex":0.02828759521766787,"skinny":0.7249774951148633,"stringy":0.7225806451612903,"monotonic":0.010911670323788253,"skewed":0.7031906107360155,"clumpy":0.9601143760697748,"striated":0.3419354838709677},"weather_28":{"outlying":0.03469967123791697,"convex":0.049593116243594255,"skinny":0.7264759638542211,"stringy":0.75,"monotonic":0.0008905237025914252,"skewed":0.7276829515382155,"clumpy":0.9291288490637679,"striated":0.3141025641025641},"weather_29":{"outlying":0.2462690673425527,"convex":0.03889691979271827,"skinny":0.7058001003284462,"stringy":0.7358490566037735,"monotonic":0.1563444148682536,"skewed":0.7096766478436056,"clumpy":0.9561608188443316,"striated":0.3836477987421384},"weather_30":{"outlying":0.10454309459937738,"convex":0.025119381910730695,"skinny":0.7550943859458858,"stringy":0.7086092715231788,"monotonic":0.02296635495585463,"skewed":0.7031506396225595,"clumpy":0.959402001498213,"striated":0.31125827814569534},"weather_31":{"outlying":0.015238787391735021,"convex":0.2687763450687897,"skinny":0.8329947264515662,"stringy":0.8023952095808383,"monotonic":0.00010668887818482035,"skewed":0.8631965923915723,"clumpy":0.8548091208253266,"striated":0.5868263473053892},"weather_32":{"outlying":0.007418476864486359,"convex":0.08414449276871577,"skinny":0.834906460729731,"stringy":0.7724550898203593,"monotonic":0.007171186946916756,"skewed":0.7632197660481186,"clumpy":0.9177668614525396,"striated":0.39520958083832336},"weather_33":{"outlying":0.16334866663493838,"convex":0.054337308250182036,"skinny":0.7141084282567793,"stringy":0.732484076433121,