{"wine_0":{"outlying":0.013889450160045181,"convex":0.003946521099927625,"skinny":0.830824219087609,"stringy":0.9263803680981595,"monotonic":0.05081332079028478,"skewed":0.8446708801719013,"clumpy":0.9719650059566046,"striated":0.6380368098159509},"wine_44":{"outlying":0.11830278351657308,"convex":0.002510942650944815,"skinny":0.45078134033760286,"stringy":0.9705882352941176,"monotonic":0.060863976298366755,"skewed":0.9247712768519201,"clumpy":0.9773022973114144,"striated":0.9058823529411765},"wine_45":{"outlying":0.15221768379625733,"convex":0.6949510058265558,"skinny":0.4746048892186395,"stringy":0.7175572519083969,"monotonic":0.00406564802521236,"skewed":0.6082963899081143,"clumpy":0.770197839017348,"striated":0.366412213740458},"wine_46":{"outlying":0.6894819734155178,"convex":1.0669061469133207e-16,"skinny":-2.880921245721499,"stringy":0.5753424657534246,"monotonic":0.08418433612835964,"skewed":0,"clumpy":1,"striated":0.1643835616438356},"wine_47":{"outlying":0.35592049907082063,"convex":3.024176365878189e-14,"skinny":0.999981591562645,"stringy":0.55,"monotonic":0.0375907933484128,"skewed":1,"clumpy":1,"striated":0},"wine_48":{"outlying":0.13058209848521327,"convex":0.5736588367101902,"skinny":0.5806118947617707,"stringy":0.7218045112781954,"monotonic":0.006892167895110676,"skewed":0.5846135302751776,"clumpy":0.8293230220743473,"striated":0.3458646616541353},"wine_49":{"outlying":0.2832336390432527,"convex":0.3696133578578799,"skinny":0.6104070066511125,"stringy":0.8531468531468531,"monotonic":0.042267110756363566,"skewed":0.7367116797762093,"clumpy":0.9673653038771989,"striated":0.5034965034965035},"wine_50":{"outlying":0.14473162099249426,"convex":0.2949161052698428,"skinny":0.9059484147071146,"stringy":0.8055555555555556,"monotonic":0.9909224854047856,"skewed":0.7348666198021738,"clumpy":0.9420028661095445,"striated":0.4513888888888889},"wine_51":{"outlying":0.18473268473844584,"convex":0.22906492192836836,"skinny":0.8555138164002215,"stringy":0.7272727272727273,"monotonic":0.9644139243316397,"skewed":0.6474918600779407,"clumpy":0.910234147352006,"striated":0.32575757575757575},"wine_52":{"outlying":0.21135577031211583,"convex":0.5589687037059988,"skinny":0.6951785296582844,"stringy":0.7196969696969697,"monotonic":0.096943872844099,"skewed":0.6564218300793487,"clumpy":0.911004217472416,"striated":0.3181818181818182},"wine_53":{"outlying":0.1841310144894298,"convex":0.20890725810226024,"skinny":0.92839159395754,"stringy":0.8206896551724138,"monotonic":0.9964616880117512,"skewed":0.6660139082898273,"clumpy":0.9322945101776935,"striated":0.36551724137931035},"wine_54":{"outlying":0.21518916668921786,"convex":0.28539600449039176,"skinny":0.8088490593809937,"stringy":0.7076923076923077,"monotonic":0.7978549276134556,"skewed":0.6307235233906615,"clumpy":0.8595302851447785,"striated":0.3384615384615385},"wine_55":{"outlying":0.4471307305291272,"convex":0.0008360173174560403,"skinny":0.8873694999266745,"stringy":0.9691358024691358,"monotonic":0.13399327413551917,"skewed":0.8456707109305079,"clumpy":0.9749634021655608,"striated":0.8703703703703703},"wine_1":{"outlying":0,"convex":0.3171574465742049,"skinny":0.7330484954550373,"stringy":0.7777777777777778,"monotonic":0.40135187699674824,"skewed":0.48571113740659,"clumpy":0.969745927651043,"striated":0.3472222222222222},"wine_2":{"outlying":0,"convex":0.8338164591300444,"skinny":0.6526971585163127,"stringy":0.7226277372262774,"monotonic":0.20392052046639714,"skewed":0.43562958580255057,"clumpy":0.8659075752878003,"striated":0.32116788321167883},"wine_3":{"outlying":0.02608571508675061,"convex":0.25901279756420825,"skinny":0.9148968304628549,"stringy":0.7391304347826086,"monotonic":0.9787416440849164,"skewed":0.619415317639364,"clumpy":0.8350632952881797,"striated":0.34057971014492755},"wine_4":{"outlying":0.0692752995780774,"convex":0.13559649148194142,"skinny":0.8204861277618394,"stringy":0.7887323943661971,"monotonic":0.4962580994603401,"skewed":0.5991625160500605,"clumpy":0.7852868916114475,"striated":0.47183098591549294},"wine_5":{"outlying":0.0683601517244091,"convex":0.10317974545586224,"skinny":0.8722165831311364,"stringy":0.8055555555555556,"monotonic":0.0434170845743197,"skewed":0.6005744707604359,"clumpy":0.7100359479271299,"striated":0.4236111111111111},"wine_6":{"outlying":0,"convex":0.18094639752449415,"skinny":0.8363074162864892,"stringy":0.7246376811594203,"monotonic":0.05119101888654035,"skewed":0.5196322359468601,"clumpy":0.9519831627918354,"striated":0.3188405797101449},"wine_7":{"outlying":0,"convex":0.08362845361271966,"skinny":0.8358663334544895,"stringy":0.8175675675675675,"monotonic":0.014250130426181961,"skewed":0.581529690977447,"clumpy":0.9087465702812617,"striated":0.3918918918918919},"wine_8":{"outlying":0.06391808083872216,"convex":0.18786335141934177,"skinny":0.8914137068264243,"stringy":0.7801418439716312,"monotonic":0.34648110739605686,"skewed":0.5018525795637044,"clumpy":0.7610775733471589,"striated":0.2765957446808511},"wine_9":{"outlying":0,"convex":0.01526014970540056,"skinny":0.8786093059377226,"stringy":0.8013698630136986,"monotonic":0.0841318375447792,"skewed":0.6544767093926324,"clumpy":0.9063336849817537,"striated":0.5136986301369864},"wine_10":{"outlying":0.14440407446743583,"convex":0.8993795485790118,"skinny":0.5952199273205321,"stringy":0.7131782945736435,"monotonic":0.5370353201563471,"skewed":0.7338453671458086,"clumpy":0.9240762152053935,"striated":0.35658914728682173},"wine_11":{"outlying":0.16949821053073966,"convex":0.690247949884889,"skinny":0.7605185654680983,"stringy":0.7794117647058824,"monotonic":0.6488845000668394,"skewed":0.7470254576115067,"clumpy":0.7990280519602373,"striated":0.3161764705882353},"wine_12":{"outlying":0.20836063713157765,"convex":0.37775845031182453,"skinny":0.8294332828784441,"stringy":0.7364341085271318,"monotonic":0.1549986310267074,"skewed":0.7440320120453738,"clumpy":0.7558016628853211,"striated":0.34108527131782945},"wine_13":{"outlying":0.30174705209922986,"convex":0.229864184321264,"skinny":0.7968457121487502,"stringy":0.7727272727272727,"monotonic":0.7381084778968775,"skewed":0.6558267892055658,"clumpy":0.827595433550953,"striated":0.38636363636363635},"wine_14":{"outlying":0.21292568824521937,"convex":0.09538337037809083,"skinny":0.7928136098026834,"stringy":0.7971014492753623,"monotonic":0.5160633818256665,"skewed":0.7458630501966783,"clumpy":0.8489842757638657,"striated":0.34057971014492755},"wine_15":{"outlying":0.1206114711703781,"convex":0.2708514628742162,"skinny":0.7756773773453791,"stringy":0.6614173228346457,"monotonic":0.43815899169655487,"skewed":0.717758107103776,"clumpy":0.9146858439335889,"striated":0.33070866141732286},"wine_16":{"outlying":0.1874679098627809,"convex":0.29276249667867693,"skinny":0.8579923971416968,"stringy":0.6532258064516129,"monotonic":0.4412226622442847,"skewed":0.769475441083074,"clumpy":0.6484653239004854,"striated":0.25},"wine_17":{"outlying":0.1489848457086072,"convex":0.18820476306301348,"skinny":0.8291393721469495,"stringy":0.703125,"monotonic":0.15592504336252777,"skewed":0.6805949631566686,"clumpy":0.8980132802245216,"striated":0.296875},"wine_18":{"outlying":0.17845998933748777,"convex":0.39987782682981216,"skinny":0.672659875389938,"stringy":0.8071428571428572,"monotonic":0.5211813490614137,"skewed":0.705347554383316,"clumpy":0.752461428577949,"striated":0.32857142857142857},"wine_19":{"outlying":0.17329716134883144,"convex":0.6030989448761547,"skinny":0.7939171101251317,"stringy":0.6612903225806451,"monotonic":0.7629797948173971,"skewed":0.7196815805298064,"clumpy":0.6548075555249706,"striated":0.3064516129032258},"wine_20":{"outlying":0.21413865194703985,"convex":0.7569902562603644,"skinny":0.28904360227989834,"stringy":0.6929133858267716,"monotonic":0.0035728424216410915,"skewed":0.556082871201523,"clumpy":0.8292256747784315,"striated":0.3543307086614173},"wine_21":{"outlying":0.26970435847978996,"convex":0.7934140551603089,"skinny":0.31267347129695977,