{"world12d_0":{"outlying":0.013311005577546482,"convex":0.9184471815836229,"skinny":0.5588744242069297,"stringy":0.6727272727272727,"monotonic":0.005239651830306591,"skewed":0.47520172525658766,"clumpy":0.794595640623768,"striated":0.21818181818181817},"world12d_1":{"outlying":0.01774771263494881,"convex":0.9586874741500652,"skinny":0.4936213943859813,"stringy":0.6991150442477876,"monotonic":0.0015377524853809178,"skewed":0.5178822950804535,"clumpy":0.8319338142262024,"striated":0.34513274336283184},"world12d_2":{"outlying":0.017440398472404507,"convex":1.050547301001909,"skinny":0.4304710630752684,"stringy":0.7280701754385965,"monotonic":0.0044892799279160015,"skewed":0.6028469007920068,"clumpy":0.930775317287071,"striated":0.3508771929824561},"world12d_3":{"outlying":0,"convex":0.9671903017296668,"skinny":0.5342629012317123,"stringy":0.7217391304347827,"monotonic":0.02087717778816378,"skewed":0.560387699970882,"clumpy":0.8160681493818926,"striated":0.3652173913043478},"world12d_4":{"outlying":0.013593306065870944,"convex":0.9521668661367817,"skinny":0.5129572509252305,"stringy":0.7711864406779662,"monotonic":0.007933893015015868,"skewed":0.46192943579335427,"clumpy":0.8395016831503446,"striated":0.3644067796610169},"world12d_5":{"outlying":0,"convex":0.8801905864753428,"skinny":0.48033221995844455,"stringy":0.7457627118644068,"monotonic":0.08434074366908871,"skewed":0.5001662403944717,"clumpy":0.8772622073199021,"striated":0.3135593220338983},"world12d_6":{"outlying":0,"convex":0.9117482804564776,"skinny":0.5529512869400068,"stringy":0.6991150442477876,"monotonic":0.009915133770315027,"skewed":0.5275234368747349,"clumpy":0.6656995570269123,"striated":0.2743362831858407},"world12d_7":{"outlying":0,"convex":0.5985381225799895,"skinny":0.7493994109956404,"stringy":0.7768595041322314,"monotonic":0.01392136784835092,"skewed":0.5759322819564273,"clumpy":0.9269508926782609,"striated":0.3305785123966942},"world12d_8":{"outlying":0,"convex":0.9150437139681225,"skinny":0.5239734796662591,"stringy":0.6902654867256637,"monotonic":0.01599356505115135,"skewed":0.5855266635860575,"clumpy":0.9868939375187378,"striated":0.26548672566371684},"world12d_9":{"outlying":0,"convex":0.8950124171769872,"skinny":0.5138469591313622,"stringy":0.6605504587155964,"monotonic":0.01467231055254538,"skewed":0.4889928066821935,"clumpy":0.7979538671865983,"striated":0.30275229357798167},"world12d_10":{"outlying":0,"convex":0.8649016501217748,"skinny":0.17334406284125536,"stringy":0.6964285714285714,"monotonic":0.00868164070657833,"skewed":0.7169243561398981,"clumpy":0.8624866899808625,"striated":0.3482142857142857},"world12d_11":{"outlying":0.08022611079606845,"convex":0.5898431956454359,"skinny":0.7305705152573174,"stringy":0.7542372881355932,"monotonic":0.09933530635123965,"skewed":0.695254573385059,"clumpy":0.6755112084345583,"striated":0.3559322033898305},"world12d_12":{"outlying":0.06757510415724682,"convex":0.7213361156135539,"skinny":0.5020134379374266,"stringy":0.6261682242990654,"monotonic":0.0285195084592857,"skewed":0.7468138871625236,"clumpy":0.6243800357831262,"striated":0.308411214953271},"world12d_13":{"outlying":0.054440144467622915,"convex":0.8633857501685176,"skinny":0.3079501339161803,"stringy":0.7606837606837606,"monotonic":0.02276250619341471,"skewed":0.561444991062216,"clumpy":0.7308708694590669,"striated":0.3247863247863248},"world12d_14":{"outlying":0.021044007166699623,"convex":0.5607948160793953,"skinny":0.7667267365757615,"stringy":0.7130434782608696,"monotonic":0.11525631165860412,"skewed":0.695185027985058,"clumpy":0.8660078311935542,"striated":0.30434782608695654},"world12d_15":{"outlying":0.051363403981820585,"convex":0.8848174886744619,"skinny":0.16463330030136747,"stringy":0.6605504587155964,"monotonic":0.000010994523144328913,"skewed":0.7175363150763208,"clumpy":0.8217512728735445,"striated":0.30275229357798167},"world12d_16":{"outlying":0,"convex":0.8009991767955112,"skinny":0.28835922244154444,"stringy":0.7241379310344828,"monotonic":0.16926527492294222,"skewed":0.43926314808131284,"clumpy":0.8074060603538269,"striated":0.3103448275862069},"world12d_17":{"outlying":0.0681520121573781,"convex":0.42677017172967835,"skinny":0.8060890378294339,"stringy":0.7304347826086957,"monotonic":0.05299961572208964,"skewed":0.6993994994307183,"clumpy":0.8337644544085727,"striated":0.3391304347826087},"world12d_18":{"outlying":0.20619409304090988,"convex":0.7014829372326327,"skinny":0.6934984926423906,"stringy":0.7272727272727273,"monotonic":0.07764993291406164,"skewed":0.6458022571652142,"clumpy":0.6831145475261882,"striated":0.23636363636363636},"world12d_19":{"outlying":0.08813968215732006,"convex":0.6804302175838792,"skinny":0.6211588458361779,"stringy":0.6936936936936937,"monotonic":0.008173910421000408,"skewed":0.7322768771775859,"clumpy":0.6840979560148424,"striated":0.2972972972972973},"world12d_20":{"outlying":0.6392794777768934,"convex":0,"skinny":1,"stringy":1,"monotonic":1,"skewed":0.7861478231701198,"clumpy":0.9514431412451417,"striated":1},"world12d_21":{"outlying":0.22314318467586117,"convex":0.6502964373732488,"skinny":0.5418647426406242,"stringy":0.7565217391304347,"monotonic":0.0046118448746542764,"skewed":0.60596196574454,"clumpy":0.8997764063220793,"striated":0.3217391304347826},"world12d_22":{"outlying":0.6098544366376689,"convex":0.6466215378270364,"skinny":0.3628727276355781,"stringy":0.7156862745098039,"monotonic":0.005828371422319773,"skewed":0.6231357880667057,"clumpy":0.8107971601760202,"striated":0.24509803921568626},"world12d_23":{"outlying":0.46208196859555917,"convex":0.30358068432049135,"skinny":0.8167066664045193,"stringy":0.8290598290598291,"monotonic":0.016857388706127047,"skewed":0.6797275827450789,"clumpy":0.9081245139868999,"striated":0.4358974358974359},"world12d_24":{"outlying":0.22807775249118709,"convex":0.6367333397203734,"skinny":0.6068490959644763,"stringy":0.6698113207547169,"monotonic":0.00333675469072474,"skewed":0.5859331605150381,"clumpy":0.9666833974329404,"striated":0.3867924528301887},"world12d_25":{"outlying":0.7441081904462233,"convex":0.6705824678878478,"skinny":0.4005113603414747,"stringy":0.7383177570093458,"monotonic":0.0024630809209912337,"skewed":0.8646477457894731,"clumpy":0.9128919911115673,"striated":0.514018691588785},"world12d_26":{"outlying":0.01324674570087942,"convex":0.5944729211538131,"skinny":0.7481553096882706,"stringy":0.7079646017699115,"monotonic":0.0000012584972466520537,"skewed":0.6091334777150321,"clumpy":0.99744960817112,"striated":0.25663716814159293},"world12d_27":{"outlying":0.011869371648155559,"convex":0.6186143239534692,"skinny":0.7610329894916406,"stringy":0.6846846846846847,"monotonic":0.009114355157467124,"skewed":0.6292497405633681,"clumpy":0.9977749016552534,"striated":0.25225225225225223},"world12d_28":{"outlying":0.03822134371965809,"convex":0.7917500430789853,"skinny":0.5513183723260752,"stringy":0.7521367521367521,"monotonic":0.03918001237712329,"skewed":0.6547038798289131,"clumpy":0.986879206402485,"striated":0.3333333333333333},"world12d_29":{"outlying":0.052310291835633016,"convex":0.5779646259369356,"skinny":0.7358921443976407,"stringy":0.7627118644067796,"monotonic":0.049329351066467936,"skewed":0.5884195298544651,"clumpy":0.9910030260004005,"striated":0.3728813559322034},"world12d_30":{"outlying":0.033569816980048885,"convex":0.4485779475120723,"skinny":0.7216948884769172,"stringy":0.6697247706422018,"monotonic":0.005034228105664137,"skewed":0.7187466676124992,"clumpy":0.9960308939146976,"striated":0.23853211009174313},"world12d_31":{"outlying":0,"convex":0.29824686705473374,"skinny":0.7415543606433879,"stringy":0.7327586206896551,"monotonic":0.0006901379890394564,"skewed":0.6748247354541235,"clumpy":0.9558544470641428,"striated":0.3017241379310345},"world12d_32":{"outlying":0.0187561574619902,"convex":0.7487025453435655,"skinny":0.4053869645912992,"stringy":0.7457627118644068,"monotonic":0.00011519560313470708,"skewed":0.661538564609786,