{"0":{"RMSE":112411.2421875,"DTM_KL1":0.0007955028,"DTM_KL01":0.0206761938,"DTM_KL001":0.1176172569,"Sammon":0.9966210776,"Trustworthiness":0.9891081902,"Continuity":0.9915402228,"Spearman":0.4805919016,"Steadiness":0.8541978507,"Cohesiveness":0.7547768802,"method":"umap","cluster":2},"1":{"RMSE":112350.5,"DTM_KL1":0.0007469249,"DTM_KL01":0.0218815766,"DTM_KL001":0.0972276255,"Sammon":0.9954768905,"Trustworthiness":0.9868557992,"Continuity":0.9946233053,"Spearman":0.4990627594,"Steadiness":0.8728419297,"Cohesiveness":0.8325369672,"method":"umap","cluster":2},"2":{"RMSE":112319.125,"DTM_KL1":0.0006772901,"DTM_KL01":0.0208562464,"DTM_KL001":0.0926590413,"Sammon":0.9948913338,"Trustworthiness":0.9860744088,"Continuity":0.9948087044,"Spearman":0.4829276967,"Steadiness":0.86969596,"Cohesiveness":0.8354508172,"method":"umap","cluster":2},"3":{"RMSE":112365.015625,"DTM_KL1":0.0007099484,"DTM_KL01":0.0202697571,"DTM_KL001":0.0951886103,"Sammon":0.9957545184,"Trustworthiness":0.987076517,"Continuity":0.9944852236,"Spearman":0.4989768763,"Steadiness":0.8755724057,"Cohesiveness":0.8246795958,"method":"umap","cluster":2},"4":{"RMSE":112322.59375,"DTM_KL1":0.0006412175,"DTM_KL01":0.0197379235,"DTM_KL001":0.091123201,"Sammon":0.9949640873,"Trustworthiness":0.9864975803,"Continuity":0.9948051241,"Spearman":0.4999005902,"Steadiness":0.8673896112,"Cohesiveness":0.8324858112,"method":"umap","cluster":2},"5":{"RMSE":112319.765625,"DTM_KL1":0.0006819947,"DTM_KL01":0.0198744573,"DTM_KL001":0.0901415199,"Sammon":0.9949095088,"Trustworthiness":0.9859654772,"Continuity":0.9947794576,"Spearman":0.4853904969,"Steadiness":0.8699207272,"Cohesiveness":0.8264035024,"method":"umap","cluster":2},"6":{"RMSE":112309.8046875,"DTM_KL1":0.0006830008,"DTM_KL01":0.0202022679,"DTM_KL001":0.0916699767,"Sammon":0.994724651,"Trustworthiness":0.9862311659,"Continuity":0.994785336,"Spearman":0.489478591,"Steadiness":0.8708296727,"Cohesiveness":0.8260767848,"method":"umap","cluster":2},"7":{"RMSE":112370.4609375,"DTM_KL1":0.0007276619,"DTM_KL01":0.0209565405,"DTM_KL001":0.098179698,"Sammon":0.9958492216,"Trustworthiness":0.9866538052,"Continuity":0.9945793746,"Spearman":0.4894678419,"Steadiness":0.8621327007,"Cohesiveness":0.8226805933,"method":"umap","cluster":2},"8":{"RMSE":112317.6171875,"DTM_KL1":0.000638009,"DTM_KL01":0.0200663246,"DTM_KL001":0.0897119865,"Sammon":0.9948741973,"Trustworthiness":0.9867215397,"Continuity":0.9948038904,"Spearman":0.4963036949,"Steadiness":0.8583753149,"Cohesiveness":0.8343044396,"method":"umap","cluster":2},"9":{"RMSE":112300.2734375,"DTM_KL1":0.0006275396,"DTM_KL01":0.019202888,"DTM_KL001":0.0869285092,"Sammon":0.9945519793,"Trustworthiness":0.9870598737,"Continuity":0.9948878328,"Spearman":0.5091732394,"Steadiness":0.8657796188,"Cohesiveness":0.8293726683,"method":"umap","cluster":2},"10":{"RMSE":112271.5390625,"DTM_KL1":0.0001290971,"DTM_KL01":0.0023106365,"DTM_KL001":0.0087568341,"Sammon":0.9943046681,"Trustworthiness":0.9846724975,"Continuity":0.9931316457,"Spearman":0.4498350272,"Steadiness":0.834433566,"Cohesiveness":0.8316852758,"method":"densmap","cluster":6},"11":{"RMSE":112324.0625,"DTM_KL1":0.0001975488,"DTM_KL01":0.0031201155,"DTM_KL001":0.0090168314,"Sammon":0.9952593971,"Trustworthiness":0.982208678,"Continuity":0.9918091047,"Spearman":0.4568597613,"Steadiness":0.82197715,"Cohesiveness":0.8238057406,"method":"densmap","cluster":6},"12":{"RMSE":112295.2890625,"DTM_KL1":0.000255656,"DTM_KL01":0.0032167493,"DTM_KL001":0.0090818368,"Sammon":0.9946950249,"Trustworthiness":0.9834884978,"Continuity":0.9928660779,"Spearman":0.4530264351,"Steadiness":0.8171737847,"Cohesiveness":0.8302878978,"method":"densmap","cluster":6},"13":{"RMSE":112301.2734375,"DTM_KL1":0.0001924131,"DTM_KL01":0.0030445529,"DTM_KL001":0.0105557023,"Sammon":0.9948601847,"Trustworthiness":0.9813157191,"Continuity":0.9910980131,"Spearman":0.4753779544,"Steadiness":0.7962842278,"Cohesiveness":0.8115582045,"method":"densmap","cluster":6},"14":{"RMSE":112064.4609375,"DTM_KL1":0.0009103641,"DTM_KL01":0.0229282714,"DTM_KL001":0.0584576316,"Sammon":0.9901755033,"Trustworthiness":0.9801490644,"Continuity":0.9783160227,"Spearman":0.4640195487,"Steadiness":0.803700814,"Cohesiveness":0.7216446082,"method":"densmap","cluster":2},"15":{"RMSE":112277.3671875,"DTM_KL1":0.0001803711,"DTM_KL01":0.0024400845,"DTM_KL001":0.0094892373,"Sammon":0.9944202901,"Trustworthiness":0.9809552988,"Continuity":0.9918742992,"Spearman":0.473844679,"Steadiness":0.8091125589,"Cohesiveness":0.8204080256,"method":"densmap","cluster":6},"16":{"RMSE":112336.3671875,"DTM_KL1":0.0003192828,"DTM_KL01":0.0046618022,"DTM_KL001":0.0086486861,"Sammon":0.9954960395,"Trustworthiness":0.9829517258,"Continuity":0.9922234224,"Spearman":0.4670877757,"Steadiness":0.8057767919,"Cohesiveness":0.8089963749,"method":"densmap","cluster":6},"17":{"RMSE":112210.140625,"DTM_KL1":0.0002889374,"DTM_KL01":0.0047709765,"DTM_KL001":0.0159999989,"Sammon":0.9931261042,"Trustworthiness":0.9822061863,"Continuity":0.9907436889,"Spearman":0.4626184059,"Steadiness":0.7992606839,"Cohesiveness":0.8132412987,"method":"densmap","cluster":6},"18":{"RMSE":112331.1875,"DTM_KL1":0.0002250932,"DTM_KL01":0.0032759823,"DTM_KL001":0.0084806979,"Sammon":0.9954127643,"Trustworthiness":0.9805537056,"Continuity":0.9912437875,"Spearman":0.470333312,"Steadiness":0.8041482791,"Cohesiveness":0.8008853286,"method":"densmap","cluster":6},"19":{"RMSE":112271.7109375,"DTM_KL1":0.0001616902,"DTM_KL01":0.0031217709,"DTM_KL001":0.0101901283,"Sammon":0.9942683541,"Trustworthiness":0.9845401248,"Continuity":0.9930330194,"Spearman":0.4316705275,"Steadiness":0.818534042,"Cohesiveness":0.833646314,"method":"densmap","cluster":6},"20":{"RMSE":110814.4375,"DTM_KL1":0.0022379626,"DTM_KL01":0.0735393912,"DTM_KL001":0.3677876592,"Sammon":0.9581869949,"Trustworthiness":0.5208235552,"Continuity":0.5479193524,"Spearman":0.0835686427,"Steadiness":0.3159759078,"Cohesiveness":0.5091275339,"method":"pca","cluster":1},"21":{"RMSE":38280.05859375,"DTM_KL1":0.0005250918,"DTM_KL01":0.0171934832,"DTM_KL001":0.073090598,"Sammon":0.1390636083,"Trustworthiness":0.8037697897,"Continuity":0.9488350023,"Spearman":0.2850276411,"Steadiness":0.4150112125,"Cohesiveness":0.5770059853,"method":"pca","cluster":3},"22":{"RMSE":4891.8247070312,"DTM_KL1":0.0000022654,"DTM_KL01":0.0002109664,"DTM_KL001":0.0107070785,"Sammon":0.0057214306,"Trustworthiness":0.9842561236,"Continuity":0.9950148593,"Spearman":0.48147902,"Steadiness":0.8594896638,"Cohesiveness":0.8245246719,"method":"pca","cluster":8},"23":{"RMSE":112391.25,"DTM_KL1":0.0028084898,"DTM_KL01":0.0949885398,"DTM_KL001":0.3675416708,"Sammon":0.9951840755,"Trustworthiness":0.5110063779,"Continuity":0.525492037,"Spearman":0.0377602197,"Steadiness":-1.0,"Cohesiveness":-1.0,"method":"pca","cluster":4},"24":{"RMSE":111126.1015625,"DTM_KL1":0.0022170283,"DTM_KL01":0.0720196813,"DTM_KL001":0.3268018067,"Sammon":0.9655132987,"Trustworthiness":0.5190949215,"Continuity":0.5442361903,"Spearman":0.0709220516,"Steadiness":-1.0,"Cohesiveness":-1.0,"method":"pca","cluster":4},"25":{"RMSE":111697.390625,"DTM_KL1":0.0007277473,"DTM_KL01":0.0268949177,"DTM_KL001":0.1508460641,"Sammon":0.9833308005,"Trustworthiness":0.9926469083,"Continuity":0.9921648562,"Spearman":0.5264407577,"Steadiness":0.8939071429,"Cohesiveness":0.8263088867,"method":"tsne","cluster":0},"26":{"RMSE":109977.453125,"DTM_KL1":0.000883176,"DTM_KL01":0.0310683064,"DTM_KL001":0.1391029358,"Sammon":0.9507363999,"Trustworthiness":0.992329693,"Continuity":0.9855448457,"Spearman":0.5449399791,"Steadiness":0.8636682553,"Cohesiveness":0.6837460868,"method":"tsne","cluster":0},"27":{"RMSE":110145.7734375,"DTM_KL1":0.0005209517,"DTM_KL01":0.0201155823,"DTM_KL001":0.1378880143,"Sammon":0.9548504997,"Trustworthiness":0.9928420806,"Continuity":0.9820035391,"Spearman":0.5564485697,"Steadiness":0.8687799484,"Cohesiveness":0.6978159455,"method":"tsne","cluster":2},"28":{"RMSE":111543.75,"DTM_KL1":0.0006949967,