{"0":{"idx":0,"xpos":13.6558580399,"ypos":8.6594705582,"cluster_kmeans":8,"cluster_hdbscan":2,"method":"umap"},"1":{"idx":1,"xpos":0.9738174677,"ypos":10.1990346909,"cluster_kmeans":5,"cluster_hdbscan":2,"method":"umap"},"2":{"idx":2,"xpos":14.3365755081,"ypos":13.5138235092,"cluster_kmeans":4,"cluster_hdbscan":2,"method":"umap"},"3":{"idx":3,"xpos":13.6719655991,"ypos":9.6808795929,"cluster_kmeans":7,"cluster_hdbscan":2,"method":"umap"},"4":{"idx":4,"xpos":13.4624004364,"ypos":9.1908874512,"cluster_kmeans":8,"cluster_hdbscan":2,"method":"umap"},"5":{"idx":5,"xpos":13.6064853668,"ypos":8.9861116409,"cluster_kmeans":8,"cluster_hdbscan":2,"method":"umap"},"6":{"idx":6,"xpos":3.3073761463,"ypos":10.1594352722,"cluster_kmeans":5,"cluster_hdbscan":2,"method":"umap"},"7":{"idx":7,"xpos":1.0298966169,"ypos":10.2318181992,"cluster_kmeans":5,"cluster_hdbscan":2,"method":"umap"},"8":{"idx":8,"xpos":13.5926046371,"ypos":8.4020271301,"cluster_kmeans":8,"cluster_hdbscan":2,"method":"umap"},"9":{"idx":9,"xpos":14.4090108871,"ypos":12.9956102371,"cluster_kmeans":4,"cluster_hdbscan":2,"method":"umap"},"10":{"idx":10,"xpos":12.0606174469,"ypos":10.1858091354,"cluster_kmeans":4,"cluster_hdbscan":2,"method":"densmap"},"11":{"idx":11,"xpos":12.4504823685,"ypos":10.6078195572,"cluster_kmeans":4,"cluster_hdbscan":2,"method":"densmap"},"12":{"idx":12,"xpos":12.1515235901,"ypos":10.3789653778,"cluster_kmeans":4,"cluster_hdbscan":2,"method":"densmap"},"13":{"idx":13,"xpos":1.7901622057,"ypos":13.6291599274,"cluster_kmeans":0,"cluster_hdbscan":2,"method":"densmap"},"14":{"idx":14,"xpos":13.2643375397,"ypos":9.6789779663,"cluster_kmeans":7,"cluster_hdbscan":2,"method":"densmap"},"15":{"idx":15,"xpos":1.7325233221,"ypos":13.4752817154,"cluster_kmeans":0,"cluster_hdbscan":2,"method":"densmap"},"16":{"idx":16,"xpos":12.5783061981,"ypos":10.3461580276,"cluster_kmeans":4,"cluster_hdbscan":2,"method":"densmap"},"17":{"idx":17,"xpos":11.9822874069,"ypos":10.2173490524,"cluster_kmeans":4,"cluster_hdbscan":2,"method":"densmap"},"18":{"idx":18,"xpos":13.3771791458,"ypos":9.9016399384,"cluster_kmeans":4,"cluster_hdbscan":2,"method":"densmap"},"19":{"idx":19,"xpos":1.8979921341,"ypos":13.3427782059,"cluster_kmeans":0,"cluster_hdbscan":2,"method":"densmap"},"20":{"idx":20,"xpos":1.5786533356,"ypos":-4.764090538,"cluster_kmeans":6,"cluster_hdbscan":1,"method":"pca"},"21":{"idx":21,"xpos":-0.1713225842,"ypos":-3.1565265656,"cluster_kmeans":3,"cluster_hdbscan":-1,"method":"pca"},"22":{"idx":22,"xpos":0.7324360013,"ypos":-3.9210300446,"cluster_kmeans":6,"cluster_hdbscan":1,"method":"pca"},"23":{"idx":23,"xpos":-0.1733520329,"ypos":-3.151610136,"cluster_kmeans":3,"cluster_hdbscan":-1,"method":"pca"},"24":{"idx":24,"xpos":1.5832897425,"ypos":-4.7497239113,"cluster_kmeans":2,"cluster_hdbscan":1,"method":"pca"},"25":{"idx":25,"xpos":3.6686825752,"ypos":10.6167163849,"cluster_kmeans":0,"cluster_hdbscan":2,"method":"tsne"},"26":{"idx":26,"xpos":14.3660974503,"ypos":6.2801117897,"cluster_kmeans":8,"cluster_hdbscan":2,"method":"tsne"},"27":{"idx":27,"xpos":14.2622451782,"ypos":13.2297134399,"cluster_kmeans":4,"cluster_hdbscan":2,"method":"tsne"},"28":{"idx":28,"xpos":14.0165653229,"ypos":6.9443898201,"cluster_kmeans":8,"cluster_hdbscan":2,"method":"tsne"},"29":{"idx":29,"xpos":3.4466016293,"ypos":10.2410020828,"cluster_kmeans":5,"cluster_hdbscan":2,"method":"tsne"},"30":{"idx":30,"xpos":13.736073494,"ypos":8.2265777588,"cluster_kmeans":8,"cluster_hdbscan":2,"method":"tsne"},"31":{"idx":31,"xpos":3.6490571499,"ypos":10.522939682,"cluster_kmeans":0,"cluster_hdbscan":2,"method":"tsne"},"32":{"idx":32,"xpos":14.1163244247,"ypos":6.5870175362,"cluster_kmeans":8,"cluster_hdbscan":2,"method":"tsne"},"33":{"idx":33,"xpos":14.2415151596,"ypos":6.4141578674,"cluster_kmeans":8,"cluster_hdbscan":2,"method":"tsne"},"34":{"idx":34,"xpos":14.4074859619,"ypos":13.3928985596,"cluster_kmeans":4,"cluster_hdbscan":2,"method":"tsne"},"35":{"idx":35,"xpos":11.3678951263,"ypos":-2.2499613762,"cluster_kmeans":1,"cluster_hdbscan":0,"method":"isomap"},"36":{"idx":36,"xpos":11.475104332,"ypos":-2.0613651276,"cluster_kmeans":1,"cluster_hdbscan":0,"method":"isomap"},"37":{"idx":37,"xpos":11.4504480362,"ypos":-0.7574412823,"cluster_kmeans":1,"cluster_hdbscan":0,"method":"isomap"},"38":{"idx":38,"xpos":11.4332790375,"ypos":-1.8145457506,"cluster_kmeans":1,"cluster_hdbscan":0,"method":"isomap"},"39":{"idx":39,"xpos":11.6980171204,"ypos":0.1207570955,"cluster_kmeans":1,"cluster_hdbscan":0,"method":"isomap"},"40":{"idx":40,"xpos":11.4457931519,"ypos":-0.9378316998,"cluster_kmeans":1,"cluster_hdbscan":0,"method":"isomap"},"41":{"idx":41,"xpos":11.8283805847,"ypos":0.2752802372,"cluster_kmeans":1,"cluster_hdbscan":0,"method":"isomap"},"42":{"idx":42,"xpos":11.4380235672,"ypos":-2.2146399021,"cluster_kmeans":1,"cluster_hdbscan":0,"method":"isomap"},"43":{"idx":43,"xpos":11.8071022034,"ypos":0.2555409074,"cluster_kmeans":1,"cluster_hdbscan":0,"method":"isomap"},"44":{"idx":44,"xpos":11.4870853424,"ypos":-1.6618083715,"cluster_kmeans":1,"cluster_hdbscan":0,"method":"isomap"},"45":{"idx":45,"xpos":14.0761022568,"ypos":11.4041566849,"cluster_kmeans":7,"cluster_hdbscan":2,"method":"lle"},"46":{"idx":46,"xpos":0.9480261207,"ypos":10.1527900696,"cluster_kmeans":5,"cluster_hdbscan":2,"method":"lle"},"47":{"idx":47,"xpos":0.2518971562,"ypos":-3.5096406937,"cluster_kmeans":9,"cluster_hdbscan":-1,"method":"lle"},"48":{"idx":48,"xpos":1.1556802988,"ypos":10.0045003891,"cluster_kmeans":5,"cluster_hdbscan":2,"method":"lle"},"49":{"idx":49,"xpos":14.0181770325,"ypos":11.2636499405,"cluster_kmeans":7,"cluster_hdbscan":2,"method":"lle"},"50":{"idx":50,"xpos":2.6349945068,"ypos":13.3854265213,"cluster_kmeans":0,"cluster_hdbscan":2,"method":"trimap"},"51":{"idx":51,"xpos":2.5904738903,"ypos":13.7820196152,"cluster_kmeans":0,"cluster_hdbscan":2,"method":"trimap"},"52":{"idx":52,"xpos":2.7950468063,"ypos":13.5874242783,"cluster_kmeans":0,"cluster_hdbscan":2,"method":"trimap"},"53":{"idx":53,"xpos":3.6151752472,"ypos":14.756775856,"cluster_kmeans":8,"cluster_hdbscan":2,"method":"trimap"},"54":{"idx":54,"xpos":2.4608104229,"ypos":13.0928430557,"cluster_kmeans":0,"cluster_hdbscan":2,"method":"trimap"},"55":{"idx":55,"xpos":3.598285675,"ypos":14.740896225,"cluster_kmeans":0,"cluster_hdbscan":2,"method":"trimap"},"56":{"idx":56,"xpos":2.5508816242,"ypos":13.2290277481,"cluster_kmeans":0,"cluster_hdbscan":2,"method":"trimap"},"57":{"idx":57,"xpos":3.3724296093,"ypos":14.5298862457,"cluster_kmeans":0,"cluster_hdbscan":2,"method":"trimap"},"58":{"idx":58,"xpos":3.0835607052,"ypos":14.2341785431,"cluster_kmeans":0,"cluster_hdbscan":2,"method":"trimap"},"59":{"idx":59,"xpos":3.4816467762,"ypos":14.6304187775,"cluster_kmeans":0,"cluster_hdbscan":2,"method":"trimap"},"60":{"idx":60,"xpos":1.2166447639,"ypos":-4.380792141,"cluster_kmeans":2,"cluster_hdbscan":1,"method":"lda"},"61":{"idx":61,"xpos":0.0189332329,"ypos":-3.2981727123,"cluster_kmeans":9,"cluster_hdbscan":-1,"method":"lda"},"62":{"idx":62,"xpos":0.7341661453,"ypos":-3.9219133854,"cluster_kmeans":6,"cluster_hdbscan":-1,"method":"lda"},"63":{"idx":63,"xpos":1.4445711374,"ypos":-4.6280908585,"cluster_kmeans":2,"cluster_hdbscan":1,"method":"lda"},"64":{"idx":64,"xpos":0.8551036119,"ypos":-4.0432195663,"cluster_kmeans":2,"cluster_hdbscan":1,"method":"lda"}}