{"0":{"idx":0,"xpos":23.5879917145,"ypos":-33.4784469604,"cluster_kmeans":0,"cluster_hdbscan":4,"method":"umap"},"1":{"idx":1,"xpos":25.0930271149,"ypos":-16.0676307678,"cluster_kmeans":0,"cluster_hdbscan":4,"method":"umap"},"2":{"idx":2,"xpos":14.9393520355,"ypos":-38.3248634338,"cluster_kmeans":0,"cluster_hdbscan":4,"method":"umap"},"3":{"idx":3,"xpos":11.7779941559,"ypos":-13.9269390106,"cluster_kmeans":0,"cluster_hdbscan":4,"method":"umap"},"4":{"idx":4,"xpos":17.9023609161,"ypos":-19.5615158081,"cluster_kmeans":0,"cluster_hdbscan":4,"method":"umap"},"5":{"idx":5,"xpos":17.0302906036,"ypos":-28.1358528137,"cluster_kmeans":0,"cluster_hdbscan":4,"method":"umap"},"6":{"idx":6,"xpos":3.7754364014,"ypos":-24.8355617523,"cluster_kmeans":9,"cluster_hdbscan":4,"method":"umap"},"7":{"idx":7,"xpos":24.4513549805,"ypos":-24.6742019653,"cluster_kmeans":0,"cluster_hdbscan":4,"method":"umap"},"8":{"idx":8,"xpos":11.1343173981,"ypos":-22.4984855652,"cluster_kmeans":0,"cluster_hdbscan":4,"method":"umap"},"9":{"idx":9,"xpos":52.6919670105,"ypos":0.8798104525,"cluster_kmeans":8,"cluster_hdbscan":-1,"method":"umap"},"10":{"idx":10,"xpos":-21.0871124268,"ypos":-22.0196151733,"cluster_kmeans":6,"cluster_hdbscan":4,"method":"densmap"},"11":{"idx":11,"xpos":9.8303871155,"ypos":-31.0598659515,"cluster_kmeans":0,"cluster_hdbscan":4,"method":"densmap"},"12":{"idx":12,"xpos":-2.9918141365,"ypos":-19.0761413574,"cluster_kmeans":9,"cluster_hdbscan":4,"method":"densmap"},"13":{"idx":13,"xpos":19.2892379761,"ypos":-9.1939935684,"cluster_kmeans":0,"cluster_hdbscan":4,"method":"densmap"},"14":{"idx":14,"xpos":-0.9416661859,"ypos":-10.5571880341,"cluster_kmeans":9,"cluster_hdbscan":4,"method":"densmap"},"15":{"idx":15,"xpos":-11.0324010849,"ypos":-20.1095218658,"cluster_kmeans":9,"cluster_hdbscan":4,"method":"densmap"},"16":{"idx":16,"xpos":-16.1121520996,"ypos":-35.5840950012,"cluster_kmeans":6,"cluster_hdbscan":4,"method":"densmap"},"17":{"idx":17,"xpos":42.3049507141,"ypos":-15.0545272827,"cluster_kmeans":4,"cluster_hdbscan":-1,"method":"densmap"},"18":{"idx":18,"xpos":33.3520393372,"ypos":-27.3180217743,"cluster_kmeans":0,"cluster_hdbscan":4,"method":"densmap"},"19":{"idx":19,"xpos":-22.8125114441,"ypos":-29.8185787201,"cluster_kmeans":6,"cluster_hdbscan":4,"method":"densmap"},"20":{"idx":20,"xpos":64.4648132324,"ypos":10.8033809662,"cluster_kmeans":5,"cluster_hdbscan":-1,"method":"pca"},"21":{"idx":21,"xpos":-57.6187210083,"ypos":34.7167434692,"cluster_kmeans":1,"cluster_hdbscan":0,"method":"pca"},"22":{"idx":22,"xpos":61.8778953552,"ypos":2.7611176968,"cluster_kmeans":5,"cluster_hdbscan":-1,"method":"pca"},"23":{"idx":23,"xpos":56.2859840393,"ypos":9.0069446564,"cluster_kmeans":5,"cluster_hdbscan":-1,"method":"pca"},"24":{"idx":24,"xpos":-43.6758270264,"ypos":28.8281784058,"cluster_kmeans":1,"cluster_hdbscan":0,"method":"pca"},"25":{"idx":25,"xpos":4.3816642761,"ypos":-39.4210548401,"cluster_kmeans":9,"cluster_hdbscan":4,"method":"tsne"},"26":{"idx":26,"xpos":-3.896065712,"ypos":-40.8371315002,"cluster_kmeans":9,"cluster_hdbscan":4,"method":"tsne"},"27":{"idx":27,"xpos":-6.7023215294,"ypos":-33.5483970642,"cluster_kmeans":9,"cluster_hdbscan":4,"method":"tsne"},"28":{"idx":28,"xpos":-3.899261713,"ypos":-26.4735221863,"cluster_kmeans":9,"cluster_hdbscan":4,"method":"tsne"},"29":{"idx":29,"xpos":33.9477424622,"ypos":-7.2396173477,"cluster_kmeans":7,"cluster_hdbscan":-1,"method":"tsne"},"30":{"idx":30,"xpos":-12.948381424,"ypos":-27.4055500031,"cluster_kmeans":9,"cluster_hdbscan":4,"method":"tsne"},"31":{"idx":31,"xpos":3.9959306717,"ypos":-17.0919647217,"cluster_kmeans":9,"cluster_hdbscan":4,"method":"tsne"},"32":{"idx":32,"xpos":-9.502122879,"ypos":-12.456492424,"cluster_kmeans":9,"cluster_hdbscan":4,"method":"tsne"},"33":{"idx":33,"xpos":1.2071977854,"ypos":-32.1216087341,"cluster_kmeans":9,"cluster_hdbscan":4,"method":"tsne"},"34":{"idx":34,"xpos":-19.1751117706,"ypos":-13.4190130234,"cluster_kmeans":6,"cluster_hdbscan":4,"method":"tsne"},"35":{"idx":35,"xpos":-49.3469696045,"ypos":36.0751724243,"cluster_kmeans":1,"cluster_hdbscan":0,"method":"isomap"},"36":{"idx":36,"xpos":-35.3460502625,"ypos":30.9241943359,"cluster_kmeans":1,"cluster_hdbscan":0,"method":"isomap"},"37":{"idx":37,"xpos":-39.1932678223,"ypos":15.2881031036,"cluster_kmeans":1,"cluster_hdbscan":0,"method":"isomap"},"38":{"idx":38,"xpos":-51.5321273804,"ypos":27.6917438507,"cluster_kmeans":1,"cluster_hdbscan":0,"method":"isomap"},"39":{"idx":39,"xpos":-41.1532669067,"ypos":37.6658668518,"cluster_kmeans":1,"cluster_hdbscan":0,"method":"isomap"},"40":{"idx":40,"xpos":-44.8965644836,"ypos":21.179473877,"cluster_kmeans":1,"cluster_hdbscan":0,"method":"isomap"},"41":{"idx":41,"xpos":-55.1370048523,"ypos":11.313076973,"cluster_kmeans":1,"cluster_hdbscan":0,"method":"isomap"},"42":{"idx":42,"xpos":-61.2302436829,"ypos":18.1885719299,"cluster_kmeans":1,"cluster_hdbscan":0,"method":"isomap"},"43":{"idx":43,"xpos":-60.114315033,"ypos":26.5235996246,"cluster_kmeans":1,"cluster_hdbscan":0,"method":"isomap"},"44":{"idx":44,"xpos":-52.6832885742,"ypos":19.978313446,"cluster_kmeans":1,"cluster_hdbscan":0,"method":"isomap"},"45":{"idx":45,"xpos":33.9694366455,"ypos":10.422753334,"cluster_kmeans":7,"cluster_hdbscan":2,"method":"lle"},"46":{"idx":46,"xpos":7.4853858948,"ypos":-3.1100854874,"cluster_kmeans":9,"cluster_hdbscan":4,"method":"lle"},"47":{"idx":47,"xpos":26.1964244843,"ypos":8.1103610992,"cluster_kmeans":7,"cluster_hdbscan":2,"method":"lle"},"48":{"idx":48,"xpos":37.2530403137,"ypos":2.9237792492,"cluster_kmeans":7,"cluster_hdbscan":2,"method":"lle"},"49":{"idx":49,"xpos":30.3125019073,"ypos":2.7672553062,"cluster_kmeans":7,"cluster_hdbscan":2,"method":"lle"},"50":{"idx":50,"xpos":-35.6983528137,"ypos":22.4171848297,"cluster_kmeans":1,"cluster_hdbscan":0,"method":"mds"},"51":{"idx":51,"xpos":-36.7680091858,"ypos":6.391998291,"cluster_kmeans":1,"cluster_hdbscan":0,"method":"mds"},"52":{"idx":52,"xpos":29.772485733,"ypos":18.5776920319,"cluster_kmeans":6,"cluster_hdbscan":-1,"method":"mds"},"53":{"idx":53,"xpos":-46.872882843,"ypos":12.2472724915,"cluster_kmeans":1,"cluster_hdbscan":0,"method":"mds"},"54":{"idx":54,"xpos":-34.15858078,"ypos":-0.6803164482,"cluster_kmeans":6,"cluster_hdbscan":0,"method":"mds"},"55":{"idx":55,"xpos":-4.7838687897,"ypos":19.1817913055,"cluster_kmeans":3,"cluster_hdbscan":3,"method":"trimap"},"56":{"idx":56,"xpos":-23.93384552,"ypos":12.730052948,"cluster_kmeans":3,"cluster_hdbscan":3,"method":"trimap"},"57":{"idx":57,"xpos":-8.6050214767,"ypos":7.2247958183,"cluster_kmeans":3,"cluster_hdbscan":3,"method":"trimap"},"58":{"idx":58,"xpos":-18.8926639557,"ypos":18.8037471771,"cluster_kmeans":3,"cluster_hdbscan":3,"method":"trimap"},"59":{"idx":59,"xpos":-14.4804143906,"ypos":2.3314306736,"cluster_kmeans":3,"cluster_hdbscan":3,"method":"trimap"},"60":{"idx":60,"xpos":-1.7296421528,"ypos":11.538983345,"cluster_kmeans":3,"cluster_hdbscan":3,"method":"trimap"},"61":{"idx":61,"xpos":-11.7139120102,"ypos":14.8567695618,"cluster_kmeans":3,"cluster_hdbscan":3,"method":"trimap"},"62":{"idx":62,"xpos":-22.320318222,"ypos":4.3680372238,"cluster_kmeans":3,"cluster_hdbscan":3,"method":"trimap"},"63":{"idx":63,"xpos":-12.0608730316,"ypos":23.5270423889,"cluster_kmeans":3,"cluster_hdbscan":3,"method":"trimap"},"64":{"idx":64,"xpos":-16.724779129,"ypos":10.0250959396,"cluster_kmeans":3,"cluster_hdbscan":3,"method":"trimap"},"65":{"idx":65,"xpos":53.2068405151,"ypos":23.980922699,"cluster_kmeans":2,"cluster_hdbscan":1,"method":"lda"},"66":{"idx":66,"xpos":60.6473083496,"ypos":19.3239421844,"cluster_kmeans":2,"cluster_hdbscan":1,"method":"lda"},"67":{"idx":67,"xpos":48.0548171997,"ypos":10.7926206589,"cluster_kmeans":2,"cluster_hdbscan":1,"method":"lda"},"68":{"idx":68,"xpos":46.273979187,"ypos":19.0674228668,"cluster_kmeans":2,"cluster_hdbscan":1,"method":"lda"},"69":{"idx":69,"xpos":53.7396087646,"ypos":16.12018013,"cluster_kmeans":2,"cluster_hdbscan":1,"method":"lda"}}