{"0":{"idx":0,"xpos":-17.8474121094,"ypos":15.7620220184,"cluster_kmeans":2,"cluster_hdbscan":4,"method":"umap"},"1":{"idx":1,"xpos":-15.7574691772,"ypos":25.2051391602,"cluster_kmeans":2,"cluster_hdbscan":4,"method":"umap"},"2":{"idx":2,"xpos":2.5646853447,"ypos":16.4265499115,"cluster_kmeans":2,"cluster_hdbscan":4,"method":"umap"},"3":{"idx":3,"xpos":6.5869784355,"ypos":26.284362793,"cluster_kmeans":2,"cluster_hdbscan":4,"method":"umap"},"4":{"idx":4,"xpos":-1.8492553234,"ypos":34.4230384827,"cluster_kmeans":2,"cluster_hdbscan":4,"method":"umap"},"5":{"idx":5,"xpos":-7.3104314804,"ypos":15.4229393005,"cluster_kmeans":2,"cluster_hdbscan":4,"method":"umap"},"6":{"idx":6,"xpos":-12.698179245,"ypos":34.6100311279,"cluster_kmeans":2,"cluster_hdbscan":4,"method":"umap"},"7":{"idx":7,"xpos":20.7499656677,"ypos":25.1763420105,"cluster_kmeans":0,"cluster_hdbscan":-1,"method":"umap"},"8":{"idx":8,"xpos":-5.3662366867,"ypos":24.7593574524,"cluster_kmeans":2,"cluster_hdbscan":4,"method":"umap"},"9":{"idx":9,"xpos":-12.2886304855,"ypos":6.6741628647,"cluster_kmeans":2,"cluster_hdbscan":4,"method":"umap"},"10":{"idx":10,"xpos":-50.6939048767,"ypos":0.5248655081,"cluster_kmeans":2,"cluster_hdbscan":5,"method":"densmap"},"11":{"idx":11,"xpos":-45.8253593445,"ypos":-13.4300756454,"cluster_kmeans":2,"cluster_hdbscan":-1,"method":"densmap"},"12":{"idx":12,"xpos":-48.2017745972,"ypos":18.9029083252,"cluster_kmeans":2,"cluster_hdbscan":5,"method":"densmap"},"13":{"idx":13,"xpos":-38.5425605774,"ypos":18.4416465759,"cluster_kmeans":2,"cluster_hdbscan":5,"method":"densmap"},"14":{"idx":14,"xpos":-45.6924934387,"ypos":9.4478940964,"cluster_kmeans":2,"cluster_hdbscan":5,"method":"densmap"},"15":{"idx":15,"xpos":-36.7008171082,"ypos":8.0459432602,"cluster_kmeans":2,"cluster_hdbscan":5,"method":"densmap"},"16":{"idx":16,"xpos":76.1984558105,"ypos":-39.5159721375,"cluster_kmeans":3,"cluster_hdbscan":-1,"method":"densmap"},"17":{"idx":17,"xpos":32.4331016541,"ypos":-18.2176628113,"cluster_kmeans":9,"cluster_hdbscan":-1,"method":"densmap"},"18":{"idx":18,"xpos":-36.6683349609,"ypos":-18.8321456909,"cluster_kmeans":2,"cluster_hdbscan":-1,"method":"densmap"},"19":{"idx":19,"xpos":-39.7190055847,"ypos":-2.2939240932,"cluster_kmeans":2,"cluster_hdbscan":5,"method":"densmap"},"20":{"idx":20,"xpos":46.2107009888,"ypos":-37.4479827881,"cluster_kmeans":8,"cluster_hdbscan":0,"method":"pca"},"21":{"idx":21,"xpos":57.6702346802,"ypos":-38.2066688538,"cluster_kmeans":8,"cluster_hdbscan":0,"method":"pca"},"22":{"idx":22,"xpos":53.3869132996,"ypos":-46.8998222351,"cluster_kmeans":8,"cluster_hdbscan":0,"method":"pca"},"23":{"idx":23,"xpos":3.9106023312,"ypos":-14.8075962067,"cluster_kmeans":0,"cluster_hdbscan":-1,"method":"pca"},"24":{"idx":24,"xpos":42.9147148132,"ypos":-45.8042831421,"cluster_kmeans":8,"cluster_hdbscan":0,"method":"pca"},"25":{"idx":25,"xpos":-25.928943634,"ypos":50.5363349915,"cluster_kmeans":4,"cluster_hdbscan":-1,"method":"tsne"},"26":{"idx":26,"xpos":-29.6667232513,"ypos":38.7904396057,"cluster_kmeans":2,"cluster_hdbscan":-1,"method":"tsne"},"27":{"idx":27,"xpos":-28.3707885742,"ypos":14.234336853,"cluster_kmeans":2,"cluster_hdbscan":4,"method":"tsne"},"28":{"idx":28,"xpos":68.4626235962,"ypos":-63.7051239014,"cluster_kmeans":5,"cluster_hdbscan":-1,"method":"tsne"},"29":{"idx":29,"xpos":62.1984634399,"ypos":-55.1395950317,"cluster_kmeans":3,"cluster_hdbscan":-1,"method":"tsne"},"30":{"idx":30,"xpos":-44.5706062317,"ypos":29.4116649628,"cluster_kmeans":2,"cluster_hdbscan":-1,"method":"tsne"},"31":{"idx":31,"xpos":-13.5941476822,"ypos":-19.2693328857,"cluster_kmeans":2,"cluster_hdbscan":-1,"method":"tsne"},"32":{"idx":32,"xpos":78.5904541016,"ypos":-68.3361206055,"cluster_kmeans":1,"cluster_hdbscan":-1,"method":"tsne"},"33":{"idx":33,"xpos":67.4117736816,"ypos":-46.067073822,"cluster_kmeans":3,"cluster_hdbscan":-1,"method":"tsne"},"34":{"idx":34,"xpos":73.7729949951,"ypos":-54.7323493958,"cluster_kmeans":5,"cluster_hdbscan":-1,"method":"tsne"},"35":{"idx":35,"xpos":-58.8913345337,"ypos":33.1262321472,"cluster_kmeans":6,"cluster_hdbscan":2,"method":"isomap"},"36":{"idx":36,"xpos":-70.0322875977,"ypos":24.8291416168,"cluster_kmeans":6,"cluster_hdbscan":2,"method":"isomap"},"37":{"idx":37,"xpos":-80.2208786011,"ypos":28.8044261932,"cluster_kmeans":6,"cluster_hdbscan":2,"method":"isomap"},"38":{"idx":38,"xpos":-79.8688583374,"ypos":17.2139205933,"cluster_kmeans":6,"cluster_hdbscan":2,"method":"isomap"},"39":{"idx":39,"xpos":-66.4272689819,"ypos":2.3184764385,"cluster_kmeans":6,"cluster_hdbscan":2,"method":"isomap"},"40":{"idx":40,"xpos":-58.3375968933,"ypos":11.0651140213,"cluster_kmeans":6,"cluster_hdbscan":2,"method":"isomap"},"41":{"idx":41,"xpos":-68.9632873535,"ypos":14.3818006516,"cluster_kmeans":6,"cluster_hdbscan":2,"method":"isomap"},"42":{"idx":42,"xpos":-69.8635177612,"ypos":36.1137657166,"cluster_kmeans":6,"cluster_hdbscan":2,"method":"isomap"},"43":{"idx":43,"xpos":-60.3883247375,"ypos":22.2554988861,"cluster_kmeans":6,"cluster_hdbscan":2,"method":"isomap"},"44":{"idx":44,"xpos":-77.1976623535,"ypos":6.1121301651,"cluster_kmeans":6,"cluster_hdbscan":2,"method":"isomap"},"45":{"idx":45,"xpos":-28.7498588562,"ypos":24.5558261871,"cluster_kmeans":2,"cluster_hdbscan":6,"method":"lle"},"46":{"idx":46,"xpos":71.2106399536,"ypos":11.2654066086,"cluster_kmeans":7,"cluster_hdbscan":-1,"method":"lle"},"47":{"idx":47,"xpos":-19.573387146,"ypos":-3.729578495,"cluster_kmeans":2,"cluster_hdbscan":6,"method":"lle"},"48":{"idx":48,"xpos":-25.0150356293,"ypos":4.4676575661,"cluster_kmeans":2,"cluster_hdbscan":6,"method":"lle"},"49":{"idx":49,"xpos":-28.9088687897,"ypos":-5.4193334579,"cluster_kmeans":2,"cluster_hdbscan":6,"method":"lle"},"50":{"idx":50,"xpos":22.4357833862,"ypos":-6.5131812096,"cluster_kmeans":0,"cluster_hdbscan":-1,"method":"mds"},"51":{"idx":51,"xpos":-0.4888233244,"ypos":2.7540903091,"cluster_kmeans":2,"cluster_hdbscan":-1,"method":"mds"},"52":{"idx":52,"xpos":13.7157917023,"ypos":-13.3097810745,"cluster_kmeans":0,"cluster_hdbscan":-1,"method":"mds"},"53":{"idx":53,"xpos":-6.6236271858,"ypos":-5.0854010582,"cluster_kmeans":2,"cluster_hdbscan":-1,"method":"mds"},"54":{"idx":54,"xpos":9.3946123123,"ypos":-4.3236465454,"cluster_kmeans":2,"cluster_hdbscan":-1,"method":"mds"},"55":{"idx":55,"xpos":39.8232116699,"ypos":-4.1961331367,"cluster_kmeans":0,"cluster_hdbscan":3,"method":"trimap"},"56":{"idx":56,"xpos":49.679725647,"ypos":10.2588014603,"cluster_kmeans":0,"cluster_hdbscan":3,"method":"trimap"},"57":{"idx":57,"xpos":39.9406852722,"ypos":7.0241374969,"cluster_kmeans":0,"cluster_hdbscan":3,"method":"trimap"},"58":{"idx":58,"xpos":55.6399841309,"ypos":17.9148216248,"cluster_kmeans":0,"cluster_hdbscan":3,"method":"trimap"},"59":{"idx":59,"xpos":39.8259811401,"ypos":17.2389965057,"cluster_kmeans":0,"cluster_hdbscan":3,"method":"trimap"},"60":{"idx":60,"xpos":28.3393173218,"ypos":13.1012639999,"cluster_kmeans":0,"cluster_hdbscan":-1,"method":"trimap"},"61":{"idx":61,"xpos":31.8967876434,"ypos":2.163022995,"cluster_kmeans":0,"cluster_hdbscan":3,"method":"trimap"},"62":{"idx":62,"xpos":19.7379589081,"ypos":8.3533010483,"cluster_kmeans":0,"cluster_hdbscan":-1,"method":"trimap"},"63":{"idx":63,"xpos":49.2305755615,"ypos":-0.7263985872,"cluster_kmeans":0,"cluster_hdbscan":3,"method":"trimap"},"64":{"idx":64,"xpos":58.2307929993,"ypos":4.7798805237,"cluster_kmeans":0,"cluster_hdbscan":3,"method":"trimap"},"65":{"idx":65,"xpos":50.7748985291,"ypos":-22.3533382416,"cluster_kmeans":8,"cluster_hdbscan":1,"method":"lda"},"66":{"idx":66,"xpos":60.7124252319,"ypos":-24.5874977112,"cluster_kmeans":8,"cluster_hdbscan":1,"method":"lda"},"67":{"idx":67,"xpos":70.0819320679,"ypos":-21.9046592712,"cluster_kmeans":8,"cluster_hdbscan":1,"method":"lda"},"68":{"idx":68,"xpos":66.674331665,"ypos":-12.2939729691,"cluster_kmeans":8,"cluster_hdbscan":1,"method":"lda"},"69":{"idx":69,"xpos":57.1065559387,"ypos":-14.5975999832,"cluster_kmeans":8,"cluster_hdbscan":1,"method":"lda"}}