{"0":{"idx":0,"xpos":47.8238220215,"ypos":52.2679710388,"cluster_kmeans":5,"cluster_hdbscan":3,"method":"umap"},"1":{"idx":1,"xpos":38.5561027527,"ypos":62.2887306213,"cluster_kmeans":5,"cluster_hdbscan":3,"method":"umap"},"2":{"idx":2,"xpos":33.597240448,"ypos":50.9711875916,"cluster_kmeans":5,"cluster_hdbscan":3,"method":"umap"},"3":{"idx":3,"xpos":12.5917692184,"ypos":81.659538269,"cluster_kmeans":5,"cluster_hdbscan":3,"method":"umap"},"4":{"idx":4,"xpos":43.022567749,"ypos":74.4411392212,"cluster_kmeans":5,"cluster_hdbscan":3,"method":"umap"},"5":{"idx":5,"xpos":27.5608100891,"ypos":69.3976821899,"cluster_kmeans":5,"cluster_hdbscan":3,"method":"umap"},"6":{"idx":6,"xpos":23.8420810699,"ypos":42.5021591187,"cluster_kmeans":5,"cluster_hdbscan":3,"method":"umap"},"7":{"idx":7,"xpos":14.7219371796,"ypos":67.9512557983,"cluster_kmeans":5,"cluster_hdbscan":3,"method":"umap"},"8":{"idx":8,"xpos":52.3610649109,"ypos":33.8828773499,"cluster_kmeans":5,"cluster_hdbscan":-1,"method":"umap"},"9":{"idx":9,"xpos":23.0847911835,"ypos":57.5535545349,"cluster_kmeans":5,"cluster_hdbscan":3,"method":"umap"},"10":{"idx":10,"xpos":-26.3124599457,"ypos":42.8223266602,"cluster_kmeans":3,"cluster_hdbscan":5,"method":"densmap"},"11":{"idx":11,"xpos":-9.8984699249,"ypos":11.5962524414,"cluster_kmeans":3,"cluster_hdbscan":5,"method":"densmap"},"12":{"idx":12,"xpos":-37.2896461487,"ypos":33.0273590088,"cluster_kmeans":3,"cluster_hdbscan":5,"method":"densmap"},"13":{"idx":13,"xpos":3.9297254086,"ypos":6.1319799423,"cluster_kmeans":3,"cluster_hdbscan":-1,"method":"densmap"},"14":{"idx":14,"xpos":-21.8083877563,"ypos":15.9746818542,"cluster_kmeans":3,"cluster_hdbscan":5,"method":"densmap"},"15":{"idx":15,"xpos":-24.8354187012,"ypos":28.4383354187,"cluster_kmeans":3,"cluster_hdbscan":5,"method":"densmap"},"16":{"idx":16,"xpos":-0.3783385754,"ypos":22.3787097931,"cluster_kmeans":3,"cluster_hdbscan":5,"method":"densmap"},"17":{"idx":17,"xpos":-12.5267705917,"ypos":25.1805419922,"cluster_kmeans":3,"cluster_hdbscan":5,"method":"densmap"},"18":{"idx":18,"xpos":-13.7674293518,"ypos":37.0955696106,"cluster_kmeans":3,"cluster_hdbscan":5,"method":"densmap"},"19":{"idx":19,"xpos":-34.744846344,"ypos":18.7957496643,"cluster_kmeans":3,"cluster_hdbscan":5,"method":"densmap"},"20":{"idx":20,"xpos":-6.4589014053,"ypos":-6.0473270416,"cluster_kmeans":3,"cluster_hdbscan":6,"method":"pca"},"21":{"idx":21,"xpos":-66.2611160278,"ypos":-50.1758842468,"cluster_kmeans":7,"cluster_hdbscan":-1,"method":"pca"},"22":{"idx":22,"xpos":-85.1382598877,"ypos":-73.906791687,"cluster_kmeans":9,"cluster_hdbscan":-1,"method":"pca"},"23":{"idx":23,"xpos":-64.0105667114,"ypos":-71.585395813,"cluster_kmeans":0,"cluster_hdbscan":2,"method":"pca"},"24":{"idx":24,"xpos":-51.4109611511,"ypos":-46.0488891602,"cluster_kmeans":7,"cluster_hdbscan":-1,"method":"pca"},"25":{"idx":25,"xpos":-9.7805147171,"ypos":57.9923591614,"cluster_kmeans":5,"cluster_hdbscan":4,"method":"tsne"},"26":{"idx":26,"xpos":7.034017086,"ypos":37.6287994385,"cluster_kmeans":5,"cluster_hdbscan":4,"method":"tsne"},"27":{"idx":27,"xpos":-0.6010068059,"ypos":47.6104812622,"cluster_kmeans":5,"cluster_hdbscan":4,"method":"tsne"},"28":{"idx":28,"xpos":-1.2297272682,"ypos":71.2410964966,"cluster_kmeans":5,"cluster_hdbscan":4,"method":"tsne"},"29":{"idx":29,"xpos":13.5771064758,"ypos":49.4275932312,"cluster_kmeans":5,"cluster_hdbscan":4,"method":"tsne"},"30":{"idx":30,"xpos":36.3289794922,"ypos":38.2901992798,"cluster_kmeans":5,"cluster_hdbscan":4,"method":"tsne"},"31":{"idx":31,"xpos":16.9028396606,"ypos":29.4582195282,"cluster_kmeans":5,"cluster_hdbscan":4,"method":"tsne"},"32":{"idx":32,"xpos":5.5135765076,"ypos":59.1053733826,"cluster_kmeans":5,"cluster_hdbscan":4,"method":"tsne"},"33":{"idx":33,"xpos":30.9067173004,"ypos":25.843038559,"cluster_kmeans":5,"cluster_hdbscan":-1,"method":"tsne"},"34":{"idx":34,"xpos":28.0752983093,"ypos":83.1928482056,"cluster_kmeans":5,"cluster_hdbscan":-1,"method":"tsne"},"35":{"idx":35,"xpos":-26.46043396,"ypos":-26.318157196,"cluster_kmeans":8,"cluster_hdbscan":6,"method":"isomap"},"36":{"idx":36,"xpos":-32.9436454773,"ypos":0.4086696804,"cluster_kmeans":8,"cluster_hdbscan":6,"method":"isomap"},"37":{"idx":37,"xpos":-16.7496795654,"ypos":-14.7877626419,"cluster_kmeans":8,"cluster_hdbscan":6,"method":"isomap"},"38":{"idx":38,"xpos":-19.841386795,"ypos":-0.3828386664,"cluster_kmeans":3,"cluster_hdbscan":6,"method":"isomap"},"39":{"idx":39,"xpos":-24.4031581879,"ypos":-44.3002662659,"cluster_kmeans":8,"cluster_hdbscan":-1,"method":"isomap"},"40":{"idx":40,"xpos":-41.8767127991,"ypos":-79.9873504639,"cluster_kmeans":0,"cluster_hdbscan":-1,"method":"lle"},"41":{"idx":41,"xpos":-55.3143463135,"ypos":-15.3427772522,"cluster_kmeans":8,"cluster_hdbscan":6,"method":"lle"},"42":{"idx":42,"xpos":-46.7303543091,"ypos":-0.5259376764,"cluster_kmeans":8,"cluster_hdbscan":6,"method":"lle"},"43":{"idx":43,"xpos":-38.3256988525,"ypos":-24.9426078796,"cluster_kmeans":8,"cluster_hdbscan":6,"method":"lle"},"44":{"idx":44,"xpos":-42.2523384094,"ypos":-13.4219903946,"cluster_kmeans":8,"cluster_hdbscan":6,"method":"lle"},"45":{"idx":45,"xpos":-41.2659797668,"ypos":-60.5769042969,"cluster_kmeans":7,"cluster_hdbscan":-1,"method":"mds"},"46":{"idx":46,"xpos":-38.8846359253,"ypos":-39.2209396362,"cluster_kmeans":8,"cluster_hdbscan":-1,"method":"mds"},"47":{"idx":47,"xpos":-29.3933010101,"ypos":-12.9803028107,"cluster_kmeans":8,"cluster_hdbscan":6,"method":"mds"},"48":{"idx":48,"xpos":-50.9325675964,"ypos":-29.0750293732,"cluster_kmeans":8,"cluster_hdbscan":6,"method":"mds"},"49":{"idx":49,"xpos":-14.0783243179,"ypos":-29.4393196106,"cluster_kmeans":8,"cluster_hdbscan":6,"method":"mds"},"50":{"idx":50,"xpos":43.9737243652,"ypos":-69.4585113525,"cluster_kmeans":2,"cluster_hdbscan":1,"method":"trimap"},"51":{"idx":51,"xpos":25.3913002014,"ypos":-103.627204895,"cluster_kmeans":4,"cluster_hdbscan":1,"method":"trimap"},"52":{"idx":52,"xpos":17.3802337646,"ypos":-76.3563919067,"cluster_kmeans":2,"cluster_hdbscan":1,"method":"trimap"},"53":{"idx":53,"xpos":21.1087627411,"ypos":-64.1195297241,"cluster_kmeans":2,"cluster_hdbscan":1,"method":"trimap"},"54":{"idx":54,"xpos":33.9540863037,"ypos":-60.462474823,"cluster_kmeans":2,"cluster_hdbscan":1,"method":"trimap"},"55":{"idx":55,"xpos":31.1468276978,"ypos":-72.5085067749,"cluster_kmeans":2,"cluster_hdbscan":1,"method":"trimap"},"56":{"idx":56,"xpos":41.7172317505,"ypos":-81.7632217407,"cluster_kmeans":2,"cluster_hdbscan":1,"method":"trimap"},"57":{"idx":57,"xpos":17.3674583435,"ypos":-92.3970489502,"cluster_kmeans":6,"cluster_hdbscan":1,"method":"trimap"},"58":{"idx":58,"xpos":28.1706905365,"ypos":-83.5815429688,"cluster_kmeans":2,"cluster_hdbscan":1,"method":"trimap"},"59":{"idx":59,"xpos":36.2175559998,"ypos":-94.1223526001,"cluster_kmeans":6,"cluster_hdbscan":1,"method":"trimap"},"60":{"idx":60,"xpos":-57.6268539429,"ypos":-84.7496032715,"cluster_kmeans":0,"cluster_hdbscan":2,"method":"lda"},"61":{"idx":61,"xpos":-51.8245544434,"ypos":-71.8939208984,"cluster_kmeans":0,"cluster_hdbscan":2,"method":"lda"},"62":{"idx":62,"xpos":-71.5288772583,"ypos":-82.3059158325,"cluster_kmeans":0,"cluster_hdbscan":2,"method":"lda"},"63":{"idx":63,"xpos":-73.3512115479,"ypos":-63.1825256348,"cluster_kmeans":0,"cluster_hdbscan":2,"method":"lda"},"64":{"idx":64,"xpos":-56.0259857178,"ypos":-59.1216049194,"cluster_kmeans":7,"cluster_hdbscan":-1,"method":"lda"},"65":{"idx":65,"xpos":62.9025115967,"ypos":-11.7019662857,"cluster_kmeans":1,"cluster_hdbscan":0,"method":"lda"},"66":{"idx":66,"xpos":51.6452407837,"ypos":-11.617436409,"cluster_kmeans":1,"cluster_hdbscan":0,"method":"lda"},"67":{"idx":67,"xpos":66.9104919434,"ypos":-22.700958252,"cluster_kmeans":1,"cluster_hdbscan":0,"method":"lda"},"68":{"idx":68,"xpos":55.9918746948,"ypos":-25.3377819061,"cluster_kmeans":1,"cluster_hdbscan":0,"method":"lda"},"69":{"idx":69,"xpos":45.3465881348,"ypos":-21.4229202271,"cluster_kmeans":1,"cluster_hdbscan":0,"method":"lda"}}