{"0":{"idx":0,"xpos":32.4919166565,"ypos":31.9075756073,"cluster_kmeans":0,"cluster_hdbscan":4,"method":"umap"},"1":{"idx":1,"xpos":59.4804344177,"ypos":70.7587203979,"cluster_kmeans":8,"cluster_hdbscan":4,"method":"umap"},"2":{"idx":2,"xpos":61.6028823853,"ypos":33.5311431885,"cluster_kmeans":0,"cluster_hdbscan":4,"method":"umap"},"3":{"idx":3,"xpos":23.7438621521,"ypos":43.4789161682,"cluster_kmeans":0,"cluster_hdbscan":4,"method":"umap"},"4":{"idx":4,"xpos":14.3478660583,"ypos":86.0886535645,"cluster_kmeans":0,"cluster_hdbscan":4,"method":"umap"},"5":{"idx":5,"xpos":29.4132671356,"ypos":55.0097122192,"cluster_kmeans":0,"cluster_hdbscan":4,"method":"umap"},"6":{"idx":6,"xpos":38.9401435852,"ypos":44.7542457581,"cluster_kmeans":8,"cluster_hdbscan":4,"method":"umap"},"7":{"idx":7,"xpos":45.047492981,"ypos":93.8407058716,"cluster_kmeans":0,"cluster_hdbscan":4,"method":"umap"},"8":{"idx":8,"xpos":66.2968292236,"ypos":85.2860183716,"cluster_kmeans":8,"cluster_hdbscan":-1,"method":"umap"},"9":{"idx":9,"xpos":55.6564788818,"ypos":58.1401519775,"cluster_kmeans":8,"cluster_hdbscan":4,"method":"umap"},"10":{"idx":10,"xpos":46.1133995056,"ypos":68.8488235474,"cluster_kmeans":0,"cluster_hdbscan":4,"method":"densmap"},"11":{"idx":11,"xpos":9.3555955887,"ypos":71.985710144,"cluster_kmeans":0,"cluster_hdbscan":4,"method":"densmap"},"12":{"idx":12,"xpos":52.8827629089,"ypos":45.8689231873,"cluster_kmeans":8,"cluster_hdbscan":4,"method":"densmap"},"13":{"idx":13,"xpos":47.0368461609,"ypos":32.2230529785,"cluster_kmeans":8,"cluster_hdbscan":4,"method":"densmap"},"14":{"idx":14,"xpos":28.8913421631,"ypos":92.1402282715,"cluster_kmeans":0,"cluster_hdbscan":4,"method":"densmap"},"15":{"idx":15,"xpos":19.8739032745,"ypos":63.8291854858,"cluster_kmeans":0,"cluster_hdbscan":-1,"method":"densmap"},"16":{"idx":16,"xpos":25.1693763733,"ypos":76.8612365723,"cluster_kmeans":0,"cluster_hdbscan":4,"method":"densmap"},"17":{"idx":17,"xpos":38.8211860657,"ypos":79.9293899536,"cluster_kmeans":8,"cluster_hdbscan":4,"method":"densmap"},"18":{"idx":18,"xpos":52.3514900208,"ypos":81.6864089966,"cluster_kmeans":8,"cluster_hdbscan":4,"method":"densmap"},"19":{"idx":19,"xpos":33.524848938,"ypos":66.851600647,"cluster_kmeans":0,"cluster_hdbscan":4,"method":"densmap"},"20":{"idx":20,"xpos":-23.0247478485,"ypos":-28.155714035,"cluster_kmeans":5,"cluster_hdbscan":2,"method":"pca"},"21":{"idx":21,"xpos":-16.6600170135,"ypos":-92.295249939,"cluster_kmeans":3,"cluster_hdbscan":-1,"method":"pca"},"22":{"idx":22,"xpos":-25.7798728943,"ypos":-43.9319610596,"cluster_kmeans":3,"cluster_hdbscan":2,"method":"pca"},"23":{"idx":23,"xpos":-27.0063552856,"ypos":-84.4245605469,"cluster_kmeans":3,"cluster_hdbscan":-1,"method":"pca"},"24":{"idx":24,"xpos":-38.1374015808,"ypos":-40.7346382141,"cluster_kmeans":5,"cluster_hdbscan":2,"method":"pca"},"25":{"idx":25,"xpos":1.5599070787,"ypos":40.2628669739,"cluster_kmeans":7,"cluster_hdbscan":3,"method":"tsne"},"26":{"idx":26,"xpos":83.5227508545,"ypos":58.0645904541,"cluster_kmeans":8,"cluster_hdbscan":-1,"method":"tsne"},"27":{"idx":27,"xpos":0.5010183454,"ypos":58.9929351807,"cluster_kmeans":0,"cluster_hdbscan":3,"method":"tsne"},"28":{"idx":28,"xpos":68.154548645,"ypos":46.8671836853,"cluster_kmeans":0,"cluster_hdbscan":4,"method":"tsne"},"29":{"idx":29,"xpos":68.6706390381,"ypos":60.8337669373,"cluster_kmeans":8,"cluster_hdbscan":-1,"method":"tsne"},"30":{"idx":30,"xpos":12.2475776672,"ypos":52.2665290833,"cluster_kmeans":0,"cluster_hdbscan":4,"method":"tsne"},"31":{"idx":31,"xpos":-10.4870872498,"ypos":-12.0723648071,"cluster_kmeans":7,"cluster_hdbscan":-1,"method":"tsne"},"32":{"idx":32,"xpos":-12.3498306274,"ypos":43.211769104,"cluster_kmeans":7,"cluster_hdbscan":3,"method":"tsne"},"33":{"idx":33,"xpos":42.9004402161,"ypos":56.8038101196,"cluster_kmeans":0,"cluster_hdbscan":4,"method":"tsne"},"34":{"idx":34,"xpos":77.1242294312,"ypos":73.5986557007,"cluster_kmeans":8,"cluster_hdbscan":-1,"method":"tsne"},"35":{"idx":35,"xpos":-12.2845191956,"ypos":-76.1879577637,"cluster_kmeans":1,"cluster_hdbscan":1,"method":"isomap"},"36":{"idx":36,"xpos":8.5772399902,"ypos":-78.6294021606,"cluster_kmeans":1,"cluster_hdbscan":1,"method":"isomap"},"37":{"idx":37,"xpos":21.5126743317,"ypos":-76.5612258911,"cluster_kmeans":1,"cluster_hdbscan":1,"method":"isomap"},"38":{"idx":38,"xpos":3.2618505955,"ypos":-57.1041870117,"cluster_kmeans":1,"cluster_hdbscan":1,"method":"isomap"},"39":{"idx":39,"xpos":-2.5285942554,"ypos":-83.254776001,"cluster_kmeans":1,"cluster_hdbscan":1,"method":"isomap"},"40":{"idx":40,"xpos":13.213596344,"ypos":-65.986038208,"cluster_kmeans":1,"cluster_hdbscan":1,"method":"isomap"},"41":{"idx":41,"xpos":1.3569589853,"ypos":-94.71824646,"cluster_kmeans":1,"cluster_hdbscan":1,"method":"isomap"},"42":{"idx":42,"xpos":0.151949212,"ypos":-70.4363250732,"cluster_kmeans":1,"cluster_hdbscan":1,"method":"isomap"},"43":{"idx":43,"xpos":14.1427755356,"ypos":-89.7172012329,"cluster_kmeans":1,"cluster_hdbscan":1,"method":"isomap"},"44":{"idx":44,"xpos":-10.1944656372,"ypos":-62.5816268921,"cluster_kmeans":1,"cluster_hdbscan":1,"method":"isomap"},"45":{"idx":45,"xpos":-61.5574111938,"ypos":25.4199886322,"cluster_kmeans":2,"cluster_hdbscan":0,"method":"lle"},"46":{"idx":46,"xpos":9.6729640961,"ypos":-36.5968055725,"cluster_kmeans":2,"cluster_hdbscan":0,"method":"lle"},"47":{"idx":47,"xpos":22.0380439758,"ypos":-40.7932243347,"cluster_kmeans":2,"cluster_hdbscan":0,"method":"lle"},"48":{"idx":48,"xpos":20.3540439606,"ypos":-26.0334510803,"cluster_kmeans":2,"cluster_hdbscan":0,"method":"lle"},"49":{"idx":49,"xpos":-60.5028686523,"ypos":7.9671125412,"cluster_kmeans":2,"cluster_hdbscan":0,"method":"lle"},"50":{"idx":50,"xpos":-36.7227592468,"ypos":-27.7416210175,"cluster_kmeans":5,"cluster_hdbscan":2,"method":"mds"},"51":{"idx":51,"xpos":-41.52526474,"ypos":-5.5938987732,"cluster_kmeans":5,"cluster_hdbscan":2,"method":"mds"},"52":{"idx":52,"xpos":-45.6148719788,"ypos":-18.5902023315,"cluster_kmeans":5,"cluster_hdbscan":2,"method":"mds"},"53":{"idx":53,"xpos":-24.9292869568,"ypos":-68.4243545532,"cluster_kmeans":9,"cluster_hdbscan":-1,"method":"mds"},"54":{"idx":54,"xpos":-30.4181423187,"ypos":-16.8550701141,"cluster_kmeans":5,"cluster_hdbscan":2,"method":"mds"},"55":{"idx":55,"xpos":-2.5011949539,"ypos":3.187235117,"cluster_kmeans":7,"cluster_hdbscan":3,"method":"trimap"},"56":{"idx":56,"xpos":-12.0928659439,"ypos":28.517375946,"cluster_kmeans":7,"cluster_hdbscan":3,"method":"trimap"},"57":{"idx":57,"xpos":-20.3066558838,"ypos":19.1273517609,"cluster_kmeans":7,"cluster_hdbscan":3,"method":"trimap"},"58":{"idx":58,"xpos":-28.1373538971,"ypos":8.8122577667,"cluster_kmeans":7,"cluster_hdbscan":3,"method":"trimap"},"59":{"idx":59,"xpos":-33.3557739258,"ypos":22.3482990265,"cluster_kmeans":7,"cluster_hdbscan":3,"method":"trimap"},"60":{"idx":60,"xpos":-25.0676116943,"ypos":33.5084228516,"cluster_kmeans":7,"cluster_hdbscan":3,"method":"trimap"},"61":{"idx":61,"xpos":-8.1353521347,"ypos":15.5979700089,"cluster_kmeans":7,"cluster_hdbscan":3,"method":"trimap"},"62":{"idx":62,"xpos":-15.806977272,"ypos":5.2100720406,"cluster_kmeans":7,"cluster_hdbscan":3,"method":"trimap"},"63":{"idx":63,"xpos":6.821228981,"ypos":13.1230840683,"cluster_kmeans":7,"cluster_hdbscan":3,"method":"trimap"},"64":{"idx":64,"xpos":0.7190525532,"ypos":24.9935398102,"cluster_kmeans":7,"cluster_hdbscan":3,"method":"trimap"},"65":{"idx":65,"xpos":-80.3209075928,"ypos":-15.9623756409,"cluster_kmeans":6,"cluster_hdbscan":0,"method":"lda"},"66":{"idx":66,"xpos":-59.6758422852,"ypos":-29.0442314148,"cluster_kmeans":4,"cluster_hdbscan":-1,"method":"lda"},"67":{"idx":67,"xpos":-63.482624054,"ypos":-17.7765426636,"cluster_kmeans":4,"cluster_hdbscan":-1,"method":"lda"},"68":{"idx":68,"xpos":-75.607421875,"ypos":-26.5778331757,"cluster_kmeans":6,"cluster_hdbscan":-1,"method":"lda"},"69":{"idx":69,"xpos":-51.7319488525,"ypos":-40.2278556824,"cluster_kmeans":4,"cluster_hdbscan":-1,"method":"lda"}}