{"0":{"idx":0,"xpos":37.1532859802,"ypos":16.8570652008,"cluster_kmeans":4,"cluster_hdbscan":-1,"method":"umap"},"1":{"idx":1,"xpos":-8.9965429306,"ypos":27.6895008087,"cluster_kmeans":0,"cluster_hdbscan":5,"method":"umap"},"2":{"idx":2,"xpos":15.5263051987,"ypos":20.022605896,"cluster_kmeans":0,"cluster_hdbscan":5,"method":"umap"},"3":{"idx":3,"xpos":10.8111371994,"ypos":11.186258316,"cluster_kmeans":0,"cluster_hdbscan":5,"method":"umap"},"4":{"idx":4,"xpos":4.9614720345,"ypos":19.0178470612,"cluster_kmeans":0,"cluster_hdbscan":5,"method":"umap"},"5":{"idx":5,"xpos":-0.1416339129,"ypos":28.4313297272,"cluster_kmeans":0,"cluster_hdbscan":5,"method":"umap"},"6":{"idx":6,"xpos":-19.788766861,"ypos":10.4067440033,"cluster_kmeans":0,"cluster_hdbscan":5,"method":"umap"},"7":{"idx":7,"xpos":39.0201339722,"ypos":28.1473655701,"cluster_kmeans":4,"cluster_hdbscan":-1,"method":"umap"},"8":{"idx":8,"xpos":25.7772483826,"ypos":24.4306106567,"cluster_kmeans":4,"cluster_hdbscan":-1,"method":"umap"},"9":{"idx":9,"xpos":21.6756916046,"ypos":8.5057840347,"cluster_kmeans":0,"cluster_hdbscan":-1,"method":"umap"},"10":{"idx":10,"xpos":27.4938335419,"ypos":39.5956306458,"cluster_kmeans":4,"cluster_hdbscan":-1,"method":"densmap"},"11":{"idx":11,"xpos":-21.2424983978,"ypos":44.829498291,"cluster_kmeans":8,"cluster_hdbscan":4,"method":"densmap"},"12":{"idx":12,"xpos":-9.9146728516,"ypos":48.193901062,"cluster_kmeans":8,"cluster_hdbscan":4,"method":"densmap"},"13":{"idx":13,"xpos":-14.4507627487,"ypos":36.4441986084,"cluster_kmeans":8,"cluster_hdbscan":4,"method":"densmap"},"14":{"idx":14,"xpos":-26.5025253296,"ypos":33.8071937561,"cluster_kmeans":8,"cluster_hdbscan":4,"method":"densmap"},"15":{"idx":15,"xpos":13.8534183502,"ypos":44.2531051636,"cluster_kmeans":8,"cluster_hdbscan":4,"method":"densmap"},"16":{"idx":16,"xpos":-4.7572841644,"ypos":38.5799179077,"cluster_kmeans":8,"cluster_hdbscan":4,"method":"densmap"},"17":{"idx":17,"xpos":17.6237812042,"ypos":33.355682373,"cluster_kmeans":8,"cluster_hdbscan":-1,"method":"densmap"},"18":{"idx":18,"xpos":4.9801669121,"ypos":37.8594551086,"cluster_kmeans":8,"cluster_hdbscan":4,"method":"densmap"},"19":{"idx":19,"xpos":1.4330865145,"ypos":48.5489807129,"cluster_kmeans":8,"cluster_hdbscan":4,"method":"densmap"},"20":{"idx":20,"xpos":80.7171554565,"ypos":-18.2396507263,"cluster_kmeans":9,"cluster_hdbscan":0,"method":"pca"},"21":{"idx":21,"xpos":70.7315292358,"ypos":-34.0858688354,"cluster_kmeans":9,"cluster_hdbscan":0,"method":"pca"},"22":{"idx":22,"xpos":71.0702362061,"ypos":-14.4147558212,"cluster_kmeans":9,"cluster_hdbscan":0,"method":"pca"},"23":{"idx":23,"xpos":71.3018035889,"ypos":-23.9868125916,"cluster_kmeans":9,"cluster_hdbscan":0,"method":"pca"},"24":{"idx":24,"xpos":80.2193450928,"ypos":-29.0490665436,"cluster_kmeans":9,"cluster_hdbscan":0,"method":"pca"},"25":{"idx":25,"xpos":-4.1183605194,"ypos":18.9852790833,"cluster_kmeans":0,"cluster_hdbscan":5,"method":"tsne"},"26":{"idx":26,"xpos":-2.8243381977,"ypos":-0.9224225879,"cluster_kmeans":0,"cluster_hdbscan":5,"method":"tsne"},"27":{"idx":27,"xpos":-8.5012292862,"ypos":9.3160505295,"cluster_kmeans":0,"cluster_hdbscan":5,"method":"tsne"},"28":{"idx":28,"xpos":0.7297977209,"ypos":9.6793746948,"cluster_kmeans":0,"cluster_hdbscan":5,"method":"tsne"},"29":{"idx":29,"xpos":-18.6278419495,"ypos":25.8878231049,"cluster_kmeans":0,"cluster_hdbscan":5,"method":"tsne"},"30":{"idx":30,"xpos":-13.718834877,"ypos":-0.0355251171,"cluster_kmeans":0,"cluster_hdbscan":5,"method":"tsne"},"31":{"idx":31,"xpos":8.9471416473,"ypos":27.6532249451,"cluster_kmeans":0,"cluster_hdbscan":5,"method":"tsne"},"32":{"idx":32,"xpos":-27.0136795044,"ypos":19.6093063354,"cluster_kmeans":0,"cluster_hdbscan":5,"method":"tsne"},"33":{"idx":33,"xpos":7.7402749062,"ypos":1.2676457167,"cluster_kmeans":0,"cluster_hdbscan":5,"method":"tsne"},"34":{"idx":34,"xpos":-13.1851415634,"ypos":17.8644714355,"cluster_kmeans":0,"cluster_hdbscan":5,"method":"tsne"},"35":{"idx":35,"xpos":-84.1569442749,"ypos":-35.5407791138,"cluster_kmeans":2,"cluster_hdbscan":2,"method":"isomap"},"36":{"idx":36,"xpos":-71.5868453979,"ypos":-10.456489563,"cluster_kmeans":2,"cluster_hdbscan":2,"method":"isomap"},"37":{"idx":37,"xpos":-74.3724594116,"ypos":-41.8866653442,"cluster_kmeans":2,"cluster_hdbscan":2,"method":"isomap"},"38":{"idx":38,"xpos":-73.5101623535,"ypos":-21.1949577332,"cluster_kmeans":2,"cluster_hdbscan":2,"method":"isomap"},"39":{"idx":39,"xpos":-84.3073196411,"ypos":-24.8004722595,"cluster_kmeans":2,"cluster_hdbscan":2,"method":"isomap"},"40":{"idx":40,"xpos":-82.2922515869,"ypos":-14.2994832993,"cluster_kmeans":2,"cluster_hdbscan":2,"method":"isomap"},"41":{"idx":41,"xpos":-64.9256134033,"ypos":-27.7880382538,"cluster_kmeans":2,"cluster_hdbscan":2,"method":"isomap"},"42":{"idx":42,"xpos":-74.4379959106,"ypos":-31.0368003845,"cluster_kmeans":2,"cluster_hdbscan":2,"method":"isomap"},"43":{"idx":43,"xpos":-64.1600418091,"ypos":-38.2036132812,"cluster_kmeans":2,"cluster_hdbscan":2,"method":"isomap"},"44":{"idx":44,"xpos":63.3187980652,"ypos":0.9009920955,"cluster_kmeans":3,"cluster_hdbscan":-1,"method":"isomap"},"45":{"idx":45,"xpos":42.2054443359,"ypos":-12.3384933472,"cluster_kmeans":7,"cluster_hdbscan":1,"method":"lle"},"46":{"idx":46,"xpos":52.3327713013,"ypos":6.6492767334,"cluster_kmeans":6,"cluster_hdbscan":-1,"method":"lle"},"47":{"idx":47,"xpos":73.3074798584,"ypos":-1.5059068203,"cluster_kmeans":3,"cluster_hdbscan":-1,"method":"lle"},"48":{"idx":48,"xpos":49.6640052795,"ypos":-8.0448961258,"cluster_kmeans":7,"cluster_hdbscan":-1,"method":"lle"},"49":{"idx":49,"xpos":25.9289188385,"ypos":-11.3766317368,"cluster_kmeans":0,"cluster_hdbscan":-1,"method":"lle"},"50":{"idx":50,"xpos":-62.5233917236,"ypos":-17.5298137665,"cluster_kmeans":2,"cluster_hdbscan":2,"method":"mds"},"51":{"idx":51,"xpos":-42.3428192139,"ypos":0.1463982612,"cluster_kmeans":5,"cluster_hdbscan":-1,"method":"mds"},"52":{"idx":52,"xpos":37.9774513245,"ypos":-20.5283355713,"cluster_kmeans":7,"cluster_hdbscan":-1,"method":"mds"},"53":{"idx":53,"xpos":-51.6054458618,"ypos":-6.7087006569,"cluster_kmeans":5,"cluster_hdbscan":2,"method":"mds"},"54":{"idx":54,"xpos":16.3177394867,"ypos":-14.7118434906,"cluster_kmeans":0,"cluster_hdbscan":-1,"method":"mds"},"55":{"idx":55,"xpos":-32.5600318909,"ypos":-9.4466962814,"cluster_kmeans":5,"cluster_hdbscan":3,"method":"trimap"},"56":{"idx":56,"xpos":-46.5764312744,"ypos":-38.9215507507,"cluster_kmeans":5,"cluster_hdbscan":3,"method":"trimap"},"57":{"idx":57,"xpos":-40.9333686829,"ypos":-29.6882572174,"cluster_kmeans":5,"cluster_hdbscan":3,"method":"trimap"},"58":{"idx":58,"xpos":-41.815826416,"ypos":-12.1155376434,"cluster_kmeans":5,"cluster_hdbscan":3,"method":"trimap"},"59":{"idx":59,"xpos":-48.2810745239,"ypos":-19.2436676025,"cluster_kmeans":5,"cluster_hdbscan":3,"method":"trimap"},"60":{"idx":60,"xpos":-50.2669754028,"ypos":-28.677614212,"cluster_kmeans":5,"cluster_hdbscan":3,"method":"trimap"},"61":{"idx":61,"xpos":-27.6336803436,"ypos":-18.0309429169,"cluster_kmeans":5,"cluster_hdbscan":3,"method":"trimap"},"62":{"idx":62,"xpos":-30.5279865265,"ypos":-28.08934021,"cluster_kmeans":5,"cluster_hdbscan":3,"method":"trimap"},"63":{"idx":63,"xpos":-38.0680580139,"ypos":-20.8532066345,"cluster_kmeans":5,"cluster_hdbscan":3,"method":"trimap"},"64":{"idx":64,"xpos":-35.6271133423,"ypos":-38.9057693481,"cluster_kmeans":5,"cluster_hdbscan":3,"method":"trimap"},"65":{"idx":65,"xpos":50.2936210632,"ypos":-28.7049655914,"cluster_kmeans":1,"cluster_hdbscan":1,"method":"lda"},"66":{"idx":66,"xpos":52.2481956482,"ypos":-19.6013050079,"cluster_kmeans":1,"cluster_hdbscan":1,"method":"lda"},"67":{"idx":67,"xpos":59.4501075745,"ypos":-34.8281822205,"cluster_kmeans":1,"cluster_hdbscan":1,"method":"lda"},"68":{"idx":68,"xpos":61.0513877869,"ypos":-24.5839672089,"cluster_kmeans":1,"cluster_hdbscan":1,"method":"lda"},"69":{"idx":69,"xpos":59.8105049133,"ypos":-14.2286806107,"cluster_kmeans":1,"cluster_hdbscan":1,"method":"lda"}}