{"0":{"idx":0,"xpos":-13.4304771423,"ypos":-4.0381917953,"cluster_kmeans":8,"cluster_hdbscan":2,"method":"umap"},"1":{"idx":1,"xpos":-46.0712051392,"ypos":53.1421394348,"cluster_kmeans":5,"cluster_hdbscan":2,"method":"umap"},"2":{"idx":2,"xpos":43.2398033142,"ypos":9.2849340439,"cluster_kmeans":4,"cluster_hdbscan":2,"method":"umap"},"3":{"idx":3,"xpos":-6.0215110779,"ypos":8.6246480942,"cluster_kmeans":7,"cluster_hdbscan":2,"method":"umap"},"4":{"idx":4,"xpos":-22.5672054291,"ypos":18.7532863617,"cluster_kmeans":8,"cluster_hdbscan":2,"method":"umap"},"5":{"idx":5,"xpos":-9.8466930389,"ypos":26.7103614807,"cluster_kmeans":8,"cluster_hdbscan":2,"method":"umap"},"6":{"idx":6,"xpos":-30.9005622864,"ypos":45.4578781128,"cluster_kmeans":5,"cluster_hdbscan":2,"method":"umap"},"7":{"idx":7,"xpos":-58.2771530151,"ypos":62.3008232117,"cluster_kmeans":5,"cluster_hdbscan":2,"method":"umap"},"8":{"idx":8,"xpos":-25.0967102051,"ypos":4.2096238136,"cluster_kmeans":8,"cluster_hdbscan":2,"method":"umap"},"9":{"idx":9,"xpos":12.6406841278,"ypos":5.9142341614,"cluster_kmeans":4,"cluster_hdbscan":2,"method":"umap"},"10":{"idx":10,"xpos":26.9640331268,"ypos":-19.9763069153,"cluster_kmeans":4,"cluster_hdbscan":2,"method":"densmap"},"11":{"idx":11,"xpos":2.3943929672,"ypos":-6.6337833405,"cluster_kmeans":4,"cluster_hdbscan":2,"method":"densmap"},"12":{"idx":12,"xpos":40.5539131165,"ypos":-10.7538795471,"cluster_kmeans":4,"cluster_hdbscan":2,"method":"densmap"},"13":{"idx":13,"xpos":-75.3996810913,"ypos":31.1021118164,"cluster_kmeans":0,"cluster_hdbscan":2,"method":"densmap"},"14":{"idx":14,"xpos":24.3588466644,"ypos":-39.8829154968,"cluster_kmeans":7,"cluster_hdbscan":2,"method":"densmap"},"15":{"idx":15,"xpos":-90.6864395142,"ypos":38.9609375,"cluster_kmeans":0,"cluster_hdbscan":2,"method":"densmap"},"16":{"idx":16,"xpos":16.6235904694,"ypos":-9.2530622482,"cluster_kmeans":4,"cluster_hdbscan":2,"method":"densmap"},"17":{"idx":17,"xpos":28.8535575867,"ypos":0.6253389716,"cluster_kmeans":4,"cluster_hdbscan":2,"method":"densmap"},"18":{"idx":18,"xpos":5.1233997345,"ypos":18.6791534424,"cluster_kmeans":4,"cluster_hdbscan":2,"method":"densmap"},"19":{"idx":19,"xpos":-107.115020752,"ypos":28.2613792419,"cluster_kmeans":0,"cluster_hdbscan":2,"method":"densmap"},"20":{"idx":20,"xpos":77.4523849487,"ypos":-66.1817779541,"cluster_kmeans":6,"cluster_hdbscan":1,"method":"pca"},"21":{"idx":21,"xpos":80.2805175781,"ypos":-100.0521774292,"cluster_kmeans":3,"cluster_hdbscan":-1,"method":"pca"},"22":{"idx":22,"xpos":66.5466690063,"ypos":-52.6226539612,"cluster_kmeans":6,"cluster_hdbscan":1,"method":"pca"},"23":{"idx":23,"xpos":68.1303863525,"ypos":-106.4102249146,"cluster_kmeans":3,"cluster_hdbscan":-1,"method":"pca"},"24":{"idx":24,"xpos":70.0104141235,"ypos":-80.0787963867,"cluster_kmeans":2,"cluster_hdbscan":1,"method":"pca"},"25":{"idx":25,"xpos":-74.3475646973,"ypos":49.703250885,"cluster_kmeans":0,"cluster_hdbscan":2,"method":"tsne"},"26":{"idx":26,"xpos":-18.156463623,"ypos":-35.2009239197,"cluster_kmeans":8,"cluster_hdbscan":2,"method":"tsne"},"27":{"idx":27,"xpos":26.4238128662,"ypos":17.7870616913,"cluster_kmeans":4,"cluster_hdbscan":2,"method":"tsne"},"28":{"idx":28,"xpos":-49.2914390564,"ypos":-19.5735301971,"cluster_kmeans":8,"cluster_hdbscan":2,"method":"tsne"},"29":{"idx":29,"xpos":-43.2274017334,"ypos":35.1061668396,"cluster_kmeans":5,"cluster_hdbscan":2,"method":"tsne"},"30":{"idx":30,"xpos":-26.0116081238,"ypos":-12.4471683502,"cluster_kmeans":8,"cluster_hdbscan":2,"method":"tsne"},"31":{"idx":31,"xpos":-58.5870323181,"ypos":42.2037963867,"cluster_kmeans":0,"cluster_hdbscan":2,"method":"tsne"},"32":{"idx":32,"xpos":-32.8160362244,"ypos":-27.0361099243,"cluster_kmeans":8,"cluster_hdbscan":2,"method":"tsne"},"33":{"idx":33,"xpos":-10.4385213852,"ypos":-21.12541008,"cluster_kmeans":8,"cluster_hdbscan":2,"method":"tsne"},"34":{"idx":34,"xpos":6.8115358353,"ypos":-23.2877101898,"cluster_kmeans":4,"cluster_hdbscan":2,"method":"tsne"},"35":{"idx":35,"xpos":76.5484924316,"ypos":77.1484298706,"cluster_kmeans":1,"cluster_hdbscan":0,"method":"isomap"},"36":{"idx":36,"xpos":71.1879196167,"ypos":60.5037155151,"cluster_kmeans":1,"cluster_hdbscan":0,"method":"isomap"},"37":{"idx":37,"xpos":60.4901123047,"ypos":70.1624298096,"cluster_kmeans":1,"cluster_hdbscan":0,"method":"isomap"},"38":{"idx":38,"xpos":64.3045883179,"ypos":86.9446640015,"cluster_kmeans":1,"cluster_hdbscan":0,"method":"isomap"},"39":{"idx":39,"xpos":83.0000991821,"ypos":49.320930481,"cluster_kmeans":1,"cluster_hdbscan":0,"method":"isomap"},"40":{"idx":40,"xpos":55.4906387329,"ypos":53.7493476868,"cluster_kmeans":1,"cluster_hdbscan":0,"method":"isomap"},"41":{"idx":41,"xpos":48.1574516296,"ypos":80.7861175537,"cluster_kmeans":1,"cluster_hdbscan":0,"method":"isomap"},"42":{"idx":42,"xpos":87.5070724487,"ypos":65.9428329468,"cluster_kmeans":1,"cluster_hdbscan":0,"method":"isomap"},"43":{"idx":43,"xpos":44.0550384521,"ypos":64.310218811,"cluster_kmeans":1,"cluster_hdbscan":0,"method":"isomap"},"44":{"idx":44,"xpos":67.1279907227,"ypos":43.4275665283,"cluster_kmeans":1,"cluster_hdbscan":0,"method":"isomap"},"45":{"idx":45,"xpos":14.8509836197,"ypos":34.2541656494,"cluster_kmeans":7,"cluster_hdbscan":2,"method":"lle"},"46":{"idx":46,"xpos":-39.7795600891,"ypos":69.7375717163,"cluster_kmeans":5,"cluster_hdbscan":2,"method":"lle"},"47":{"idx":47,"xpos":45.8242645264,"ypos":-96.1445617676,"cluster_kmeans":9,"cluster_hdbscan":-1,"method":"lle"},"48":{"idx":48,"xpos":-23.9345684052,"ypos":63.1947250366,"cluster_kmeans":5,"cluster_hdbscan":2,"method":"lle"},"49":{"idx":49,"xpos":2.9040448666,"ypos":-41.8208618164,"cluster_kmeans":7,"cluster_hdbscan":2,"method":"lle"},"50":{"idx":50,"xpos":-90.1471252441,"ypos":-0.1691795141,"cluster_kmeans":0,"cluster_hdbscan":2,"method":"trimap"},"51":{"idx":51,"xpos":-74.1489486694,"ypos":-0.1788839847,"cluster_kmeans":0,"cluster_hdbscan":2,"method":"trimap"},"52":{"idx":52,"xpos":-74.4563293457,"ypos":14.5232133865,"cluster_kmeans":0,"cluster_hdbscan":2,"method":"trimap"},"53":{"idx":53,"xpos":-41.3796081543,"ypos":-2.2205414772,"cluster_kmeans":8,"cluster_hdbscan":2,"method":"trimap"},"54":{"idx":54,"xpos":-60.3153800964,"ypos":25.5846347809,"cluster_kmeans":0,"cluster_hdbscan":2,"method":"trimap"},"55":{"idx":55,"xpos":-45.4688529968,"ypos":13.1722793579,"cluster_kmeans":0,"cluster_hdbscan":2,"method":"trimap"},"56":{"idx":56,"xpos":-90.2806549072,"ypos":18.1512508392,"cluster_kmeans":0,"cluster_hdbscan":2,"method":"trimap"},"57":{"idx":57,"xpos":-60.0722160339,"ypos":8.8990907669,"cluster_kmeans":0,"cluster_hdbscan":2,"method":"trimap"},"58":{"idx":58,"xpos":-72.330871582,"ypos":-16.1130847931,"cluster_kmeans":0,"cluster_hdbscan":2,"method":"trimap"},"59":{"idx":59,"xpos":-58.7454681396,"ypos":-5.4681100845,"cluster_kmeans":0,"cluster_hdbscan":2,"method":"trimap"},"60":{"idx":60,"xpos":61.5729217529,"ypos":-67.624382019,"cluster_kmeans":2,"cluster_hdbscan":1,"method":"lda"},"61":{"idx":61,"xpos":37.6343650818,"ypos":-83.3103790283,"cluster_kmeans":9,"cluster_hdbscan":-1,"method":"lda"},"62":{"idx":62,"xpos":55.6765174866,"ypos":-43.3350448608,"cluster_kmeans":6,"cluster_hdbscan":-1,"method":"lda"},"63":{"idx":63,"xpos":47.2677536011,"ypos":-66.6305541992,"cluster_kmeans":2,"cluster_hdbscan":1,"method":"lda"},"64":{"idx":64,"xpos":54.2360916138,"ypos":-81.0931549072,"cluster_kmeans":2,"cluster_hdbscan":1,"method":"lda"}}