{"0":{"idx":0,"xpos":-1.5949693918,"ypos":-58.2850723267,"cluster_kmeans":1,"cluster_hdbscan":5,"method":"umap"},"1":{"idx":1,"xpos":-19.2140522003,"ypos":-67.2317047119,"cluster_kmeans":1,"cluster_hdbscan":5,"method":"umap"},"2":{"idx":2,"xpos":-16.932964325,"ypos":-46.538860321,"cluster_kmeans":1,"cluster_hdbscan":5,"method":"umap"},"3":{"idx":3,"xpos":-29.2954864502,"ypos":-32.7896842957,"cluster_kmeans":1,"cluster_hdbscan":5,"method":"umap"},"4":{"idx":4,"xpos":22.3398284912,"ypos":-8.4623594284,"cluster_kmeans":1,"cluster_hdbscan":5,"method":"umap"},"5":{"idx":5,"xpos":-36.6104507446,"ypos":-53.0657844543,"cluster_kmeans":1,"cluster_hdbscan":5,"method":"umap"},"6":{"idx":6,"xpos":30.0506305695,"ypos":-25.7401981354,"cluster_kmeans":1,"cluster_hdbscan":5,"method":"umap"},"7":{"idx":7,"xpos":29.8783111572,"ypos":7.9350805283,"cluster_kmeans":1,"cluster_hdbscan":5,"method":"umap"},"8":{"idx":8,"xpos":43.1414375305,"ypos":-8.676117897,"cluster_kmeans":1,"cluster_hdbscan":5,"method":"umap"},"9":{"idx":9,"xpos":-18.2542572021,"ypos":-107.9123001099,"cluster_kmeans":7,"cluster_hdbscan":-1,"method":"umap"},"10":{"idx":10,"xpos":-16.1209106445,"ypos":26.421131134,"cluster_kmeans":5,"cluster_hdbscan":-1,"method":"densmap"},"11":{"idx":11,"xpos":48.4782180786,"ypos":-34.8875389099,"cluster_kmeans":5,"cluster_hdbscan":7,"method":"densmap"},"12":{"idx":12,"xpos":-11.7104854584,"ypos":8.4266242981,"cluster_kmeans":5,"cluster_hdbscan":7,"method":"densmap"},"13":{"idx":13,"xpos":6.2994699478,"ypos":15.0744495392,"cluster_kmeans":5,"cluster_hdbscan":-1,"method":"densmap"},"14":{"idx":14,"xpos":-9.5480251312,"ypos":-24.3171138763,"cluster_kmeans":5,"cluster_hdbscan":7,"method":"densmap"},"15":{"idx":15,"xpos":-37.0386352539,"ypos":-12.9312028885,"cluster_kmeans":9,"cluster_hdbscan":-1,"method":"densmap"},"16":{"idx":16,"xpos":-18.0831928253,"ypos":-8.4224395752,"cluster_kmeans":5,"cluster_hdbscan":7,"method":"densmap"},"17":{"idx":17,"xpos":54.5288352966,"ypos":-55.7166862488,"cluster_kmeans":5,"cluster_hdbscan":7,"method":"densmap"},"18":{"idx":18,"xpos":1.1643939018,"ypos":-39.1789932251,"cluster_kmeans":5,"cluster_hdbscan":7,"method":"densmap"},"19":{"idx":19,"xpos":-31.3663158417,"ypos":11.321349144,"cluster_kmeans":5,"cluster_hdbscan":7,"method":"densmap"},"20":{"idx":20,"xpos":78.8407745361,"ypos":86.4546508789,"cluster_kmeans":3,"cluster_hdbscan":2,"method":"pca"},"21":{"idx":21,"xpos":29.0248889923,"ypos":90.119102478,"cluster_kmeans":6,"cluster_hdbscan":3,"method":"pca"},"22":{"idx":22,"xpos":41.0680847168,"ypos":110.9642486572,"cluster_kmeans":6,"cluster_hdbscan":-1,"method":"pca"},"23":{"idx":23,"xpos":22.8286838531,"ypos":107.4249191284,"cluster_kmeans":6,"cluster_hdbscan":-1,"method":"pca"},"24":{"idx":24,"xpos":86.1466445923,"ypos":110.3139572144,"cluster_kmeans":6,"cluster_hdbscan":2,"method":"pca"},"25":{"idx":25,"xpos":32.1472892761,"ypos":-97.166305542,"cluster_kmeans":9,"cluster_hdbscan":-1,"method":"tsne"},"26":{"idx":26,"xpos":2.2487792969,"ypos":-8.1894598007,"cluster_kmeans":5,"cluster_hdbscan":6,"method":"tsne"},"27":{"idx":27,"xpos":18.2608299255,"ypos":-41.55260849,"cluster_kmeans":5,"cluster_hdbscan":6,"method":"tsne"},"28":{"idx":28,"xpos":10.7421150208,"ypos":-102.2669830322,"cluster_kmeans":9,"cluster_hdbscan":-1,"method":"tsne"},"29":{"idx":29,"xpos":0.0328384079,"ypos":-81.311630249,"cluster_kmeans":9,"cluster_hdbscan":6,"method":"tsne"},"30":{"idx":30,"xpos":37.0561065674,"ypos":-74.3748855591,"cluster_kmeans":9,"cluster_hdbscan":6,"method":"tsne"},"31":{"idx":31,"xpos":10.2670240402,"ypos":-24.1537818909,"cluster_kmeans":5,"cluster_hdbscan":6,"method":"tsne"},"32":{"idx":32,"xpos":33.3174324036,"ypos":-51.0839805603,"cluster_kmeans":5,"cluster_hdbscan":6,"method":"tsne"},"33":{"idx":33,"xpos":16.9692173004,"ypos":-60.8397712708,"cluster_kmeans":5,"cluster_hdbscan":6,"method":"tsne"},"34":{"idx":34,"xpos":18.6814136505,"ypos":-81.5181884766,"cluster_kmeans":9,"cluster_hdbscan":-1,"method":"tsne"},"35":{"idx":35,"xpos":-32.1912879944,"ypos":67.4547653198,"cluster_kmeans":4,"cluster_hdbscan":4,"method":"isomap"},"36":{"idx":36,"xpos":-29.4585952759,"ypos":84.1127548218,"cluster_kmeans":4,"cluster_hdbscan":4,"method":"isomap"},"37":{"idx":37,"xpos":-11.0449647903,"ypos":91.9644851685,"cluster_kmeans":4,"cluster_hdbscan":4,"method":"isomap"},"38":{"idx":38,"xpos":-13.8156509399,"ypos":72.9524154663,"cluster_kmeans":4,"cluster_hdbscan":4,"method":"isomap"},"39":{"idx":39,"xpos":91.4915084839,"ypos":18.2405452728,"cluster_kmeans":2,"cluster_hdbscan":-1,"method":"isomap"},"40":{"idx":40,"xpos":-29.3268451691,"ypos":102.9899673462,"cluster_kmeans":4,"cluster_hdbscan":4,"method":"isomap"},"41":{"idx":41,"xpos":-47.9820251465,"ypos":88.7594070435,"cluster_kmeans":4,"cluster_hdbscan":4,"method":"isomap"},"42":{"idx":42,"xpos":-38.8088798523,"ypos":50.8147773743,"cluster_kmeans":4,"cluster_hdbscan":4,"method":"isomap"},"43":{"idx":43,"xpos":-16.0943431854,"ypos":54.3814659119,"cluster_kmeans":4,"cluster_hdbscan":4,"method":"isomap"},"44":{"idx":44,"xpos":-51.3744316101,"ypos":68.9713439941,"cluster_kmeans":4,"cluster_hdbscan":4,"method":"isomap"},"45":{"idx":45,"xpos":39.348575592,"ypos":39.8230133057,"cluster_kmeans":1,"cluster_hdbscan":-1,"method":"lle"},"46":{"idx":46,"xpos":79.1693725586,"ypos":63.0770225525,"cluster_kmeans":3,"cluster_hdbscan":2,"method":"lle"},"47":{"idx":47,"xpos":21.6743412018,"ypos":42.9487533569,"cluster_kmeans":1,"cluster_hdbscan":-1,"method":"lle"},"48":{"idx":48,"xpos":100.2448425293,"ypos":54.0014266968,"cluster_kmeans":3,"cluster_hdbscan":-1,"method":"lle"},"49":{"idx":49,"xpos":34.777759552,"ypos":56.7670326233,"cluster_kmeans":1,"cluster_hdbscan":-1,"method":"lle"},"50":{"idx":50,"xpos":39.8861465454,"ypos":76.3449478149,"cluster_kmeans":6,"cluster_hdbscan":3,"method":"mds"},"51":{"idx":51,"xpos":59.051612854,"ypos":78.4712524414,"cluster_kmeans":6,"cluster_hdbscan":-1,"method":"mds"},"52":{"idx":52,"xpos":8.5039844513,"ypos":71.2288665771,"cluster_kmeans":4,"cluster_hdbscan":3,"method":"mds"},"53":{"idx":53,"xpos":67.6581268311,"ypos":111.8494033813,"cluster_kmeans":6,"cluster_hdbscan":-1,"method":"mds"},"54":{"idx":54,"xpos":51.5497894287,"ypos":94.1361160278,"cluster_kmeans":6,"cluster_hdbscan":-1,"method":"mds"},"55":{"idx":55,"xpos":-99.1110458374,"ypos":-103.8523406982,"cluster_kmeans":0,"cluster_hdbscan":1,"method":"trimap"},"56":{"idx":56,"xpos":-87.6829910278,"ypos":-67.5917739868,"cluster_kmeans":0,"cluster_hdbscan":1,"method":"trimap"},"57":{"idx":57,"xpos":-42.1532592773,"ypos":-106.1862487793,"cluster_kmeans":7,"cluster_hdbscan":0,"method":"trimap"},"58":{"idx":58,"xpos":-56.3919792175,"ypos":-94.6204147339,"cluster_kmeans":7,"cluster_hdbscan":0,"method":"trimap"},"59":{"idx":59,"xpos":-56.8354454041,"ypos":-114.795501709,"cluster_kmeans":7,"cluster_hdbscan":0,"method":"trimap"},"60":{"idx":60,"xpos":-112.7659683228,"ypos":-89.9582366943,"cluster_kmeans":0,"cluster_hdbscan":1,"method":"trimap"},"61":{"idx":61,"xpos":-78.7291564941,"ypos":-101.7247772217,"cluster_kmeans":7,"cluster_hdbscan":0,"method":"trimap"},"62":{"idx":62,"xpos":-106.4822006226,"ypos":-71.2068634033,"cluster_kmeans":0,"cluster_hdbscan":1,"method":"trimap"},"63":{"idx":63,"xpos":-94.2993774414,"ypos":-85.7055664062,"cluster_kmeans":0,"cluster_hdbscan":1,"method":"trimap"},"64":{"idx":64,"xpos":-75.1724777222,"ypos":-82.6420516968,"cluster_kmeans":0,"cluster_hdbscan":1,"method":"trimap"},"65":{"idx":65,"xpos":100.1543960571,"ypos":93.0900268555,"cluster_kmeans":3,"cluster_hdbscan":2,"method":"lda"},"66":{"idx":66,"xpos":-87.3079910278,"ypos":42.305770874,"cluster_kmeans":8,"cluster_hdbscan":-1,"method":"lda"},"67":{"idx":67,"xpos":93.9800415039,"ypos":74.0274581909,"cluster_kmeans":3,"cluster_hdbscan":2,"method":"lda"},"68":{"idx":68,"xpos":-81.7799530029,"ypos":22.9805641174,"cluster_kmeans":8,"cluster_hdbscan":-1,"method":"lda"},"69":{"idx":69,"xpos":112.0247344971,"ypos":74.4088973999,"cluster_kmeans":3,"cluster_hdbscan":2,