{"0":{"idx":0,"xpos":-29.7838001251,"ypos":26.9974098206,"cluster_kmeans":9,"cluster_hdbscan":5,"method":"umap"},"1":{"idx":1,"xpos":-21.99792099,"ypos":18.3724060059,"cluster_kmeans":9,"cluster_hdbscan":5,"method":"umap"},"2":{"idx":2,"xpos":-13.4816141129,"ypos":21.5334320068,"cluster_kmeans":9,"cluster_hdbscan":5,"method":"umap"},"3":{"idx":3,"xpos":-26.1392745972,"ypos":10.3426275253,"cluster_kmeans":9,"cluster_hdbscan":5,"method":"umap"},"4":{"idx":4,"xpos":-8.5731935501,"ypos":28.5399589539,"cluster_kmeans":9,"cluster_hdbscan":5,"method":"umap"},"5":{"idx":5,"xpos":-4.5189166069,"ypos":15.6720428467,"cluster_kmeans":2,"cluster_hdbscan":-1,"method":"umap"},"6":{"idx":6,"xpos":-30.0771198273,"ypos":18.9144954681,"cluster_kmeans":9,"cluster_hdbscan":5,"method":"umap"},"7":{"idx":7,"xpos":-15.6849908829,"ypos":12.3989286423,"cluster_kmeans":9,"cluster_hdbscan":5,"method":"umap"},"8":{"idx":8,"xpos":-21.2818260193,"ypos":26.4685630798,"cluster_kmeans":9,"cluster_hdbscan":5,"method":"umap"},"9":{"idx":9,"xpos":6.7595005035,"ypos":19.4219207764,"cluster_kmeans":7,"cluster_hdbscan":-1,"method":"umap"},"10":{"idx":10,"xpos":-54.7500534058,"ypos":9.0757884979,"cluster_kmeans":6,"cluster_hdbscan":3,"method":"densmap"},"11":{"idx":11,"xpos":-52.640045166,"ypos":37.4806938171,"cluster_kmeans":6,"cluster_hdbscan":3,"method":"densmap"},"12":{"idx":12,"xpos":-18.2629146576,"ypos":33.9584732056,"cluster_kmeans":9,"cluster_hdbscan":5,"method":"densmap"},"13":{"idx":13,"xpos":-45.617931366,"ypos":4.8400063515,"cluster_kmeans":6,"cluster_hdbscan":3,"method":"densmap"},"14":{"idx":14,"xpos":-58.6981811523,"ypos":18.3741569519,"cluster_kmeans":6,"cluster_hdbscan":3,"method":"densmap"},"15":{"idx":15,"xpos":-49.7789077759,"ypos":22.5869083405,"cluster_kmeans":6,"cluster_hdbscan":3,"method":"densmap"},"16":{"idx":16,"xpos":-45.8941879272,"ypos":30.3690757751,"cluster_kmeans":6,"cluster_hdbscan":3,"method":"densmap"},"17":{"idx":17,"xpos":-46.5655708313,"ypos":14.7243146896,"cluster_kmeans":6,"cluster_hdbscan":3,"method":"densmap"},"18":{"idx":18,"xpos":-58.0206718445,"ypos":28.6408061981,"cluster_kmeans":6,"cluster_hdbscan":3,"method":"densmap"},"19":{"idx":19,"xpos":-36.2263755798,"ypos":0.8549441695,"cluster_kmeans":6,"cluster_hdbscan":3,"method":"densmap"},"20":{"idx":20,"xpos":0.2015803605,"ypos":-64.4485092163,"cluster_kmeans":8,"cluster_hdbscan":-1,"method":"pca"},"21":{"idx":21,"xpos":-13.4061403275,"ypos":-38.6246147156,"cluster_kmeans":7,"cluster_hdbscan":-1,"method":"pca"},"22":{"idx":22,"xpos":-9.5057077408,"ypos":-62.7812385559,"cluster_kmeans":3,"cluster_hdbscan":0,"method":"pca"},"23":{"idx":23,"xpos":52.9155845642,"ypos":-3.8797204494,"cluster_kmeans":0,"cluster_hdbscan":1,"method":"pca"},"24":{"idx":24,"xpos":-19.7781658173,"ypos":-45.5987167358,"cluster_kmeans":7,"cluster_hdbscan":-1,"method":"pca"},"25":{"idx":25,"xpos":-38.801815033,"ypos":23.2309989929,"cluster_kmeans":9,"cluster_hdbscan":5,"method":"tsne"},"26":{"idx":26,"xpos":0.4993249178,"ypos":-0.5977057815,"cluster_kmeans":2,"cluster_hdbscan":-1,"method":"tsne"},"27":{"idx":27,"xpos":-9.7058935165,"ypos":39.2259483337,"cluster_kmeans":9,"cluster_hdbscan":5,"method":"tsne"},"28":{"idx":28,"xpos":-36.1918640137,"ypos":32.5203437805,"cluster_kmeans":9,"cluster_hdbscan":5,"method":"tsne"},"29":{"idx":29,"xpos":-40.5472564697,"ypos":40.5119361877,"cluster_kmeans":9,"cluster_hdbscan":5,"method":"tsne"},"30":{"idx":30,"xpos":-30.9294166565,"ypos":44.2869300842,"cluster_kmeans":9,"cluster_hdbscan":5,"method":"tsne"},"31":{"idx":31,"xpos":-36.8526153564,"ypos":13.5148715973,"cluster_kmeans":9,"cluster_hdbscan":5,"method":"tsne"},"32":{"idx":32,"xpos":-20.325630188,"ypos":43.9280471802,"cluster_kmeans":9,"cluster_hdbscan":5,"method":"tsne"},"33":{"idx":33,"xpos":2.7735645771,"ypos":6.7426710129,"cluster_kmeans":2,"cluster_hdbscan":-1,"method":"tsne"},"34":{"idx":34,"xpos":-27.159198761,"ypos":35.8051986694,"cluster_kmeans":9,"cluster_hdbscan":5,"method":"tsne"},"35":{"idx":35,"xpos":58.0942687988,"ypos":32.4928398132,"cluster_kmeans":0,"cluster_hdbscan":1,"method":"isomap"},"36":{"idx":36,"xpos":64.4396514893,"ypos":9.1284751892,"cluster_kmeans":0,"cluster_hdbscan":1,"method":"isomap"},"37":{"idx":37,"xpos":54.8896980286,"ypos":8.911190033,"cluster_kmeans":0,"cluster_hdbscan":1,"method":"isomap"},"38":{"idx":38,"xpos":43.807472229,"ypos":22.5317153931,"cluster_kmeans":0,"cluster_hdbscan":1,"method":"isomap"},"39":{"idx":39,"xpos":53.9568748474,"ypos":23.6588802338,"cluster_kmeans":0,"cluster_hdbscan":1,"method":"isomap"},"40":{"idx":40,"xpos":64.1431427002,"ypos":25.8084888458,"cluster_kmeans":0,"cluster_hdbscan":1,"method":"isomap"},"41":{"idx":41,"xpos":68.8377075195,"ypos":17.9676799774,"cluster_kmeans":0,"cluster_hdbscan":1,"method":"isomap"},"42":{"idx":42,"xpos":49.0746803284,"ypos":15.3545389175,"cluster_kmeans":0,"cluster_hdbscan":1,"method":"isomap"},"43":{"idx":43,"xpos":48.3514251709,"ypos":31.1893157959,"cluster_kmeans":0,"cluster_hdbscan":1,"method":"isomap"},"44":{"idx":44,"xpos":59.1665725708,"ypos":17.2441596985,"cluster_kmeans":0,"cluster_hdbscan":1,"method":"isomap"},"45":{"idx":45,"xpos":-12.9292554855,"ypos":2.6912910938,"cluster_kmeans":2,"cluster_hdbscan":4,"method":"lle"},"46":{"idx":46,"xpos":-17.5654220581,"ypos":-5.1106071472,"cluster_kmeans":2,"cluster_hdbscan":4,"method":"lle"},"47":{"idx":47,"xpos":-8.8475179672,"ypos":-12.6268177032,"cluster_kmeans":2,"cluster_hdbscan":-1,"method":"lle"},"48":{"idx":48,"xpos":-23.5717182159,"ypos":1.0930523872,"cluster_kmeans":9,"cluster_hdbscan":4,"method":"lle"},"49":{"idx":49,"xpos":-24.7360305786,"ypos":-35.4434890747,"cluster_kmeans":4,"cluster_hdbscan":-1,"method":"lle"},"50":{"idx":50,"xpos":-0.1702986509,"ypos":-31.7169895172,"cluster_kmeans":2,"cluster_hdbscan":-1,"method":"mds"},"51":{"idx":51,"xpos":5.7016553879,"ypos":-20.3295497894,"cluster_kmeans":2,"cluster_hdbscan":-1,"method":"mds"},"52":{"idx":52,"xpos":20.7690525055,"ypos":-27.4515304565,"cluster_kmeans":5,"cluster_hdbscan":-1,"method":"mds"},"53":{"idx":53,"xpos":5.8474049568,"ypos":-41.5614204407,"cluster_kmeans":1,"cluster_hdbscan":0,"method":"mds"},"54":{"idx":54,"xpos":15.8792724609,"ypos":-21.349237442,"cluster_kmeans":5,"cluster_hdbscan":-1,"method":"mds"},"55":{"idx":55,"xpos":35.9331130981,"ypos":-3.005918026,"cluster_kmeans":5,"cluster_hdbscan":2,"method":"trimap"},"56":{"idx":56,"xpos":13.4327116013,"ypos":-9.0878133774,"cluster_kmeans":5,"cluster_hdbscan":2,"method":"trimap"},"57":{"idx":57,"xpos":31.8251228333,"ypos":5.2051811218,"cluster_kmeans":5,"cluster_hdbscan":2,"method":"trimap"},"58":{"idx":58,"xpos":25.4051570892,"ypos":-1.7563635111,"cluster_kmeans":5,"cluster_hdbscan":2,"method":"trimap"},"59":{"idx":59,"xpos":21.7779140472,"ypos":-10.328125,"cluster_kmeans":5,"cluster_hdbscan":2,"method":"trimap"},"60":{"idx":60,"xpos":22.5343399048,"ypos":7.0479750633,"cluster_kmeans":5,"cluster_hdbscan":2,"method":"trimap"},"61":{"idx":61,"xpos":28.1632232666,"ypos":-17.3054733276,"cluster_kmeans":5,"cluster_hdbscan":2,"method":"trimap"},"62":{"idx":62,"xpos":16.8887786865,"ypos":-0.6965830326,"cluster_kmeans":5,"cluster_hdbscan":2,"method":"trimap"},"63":{"idx":63,"xpos":37.4637260437,"ypos":-13.1336975098,"cluster_kmeans":5,"cluster_hdbscan":2,"method":"trimap"},"64":{"idx":64,"xpos":29.7275753021,"ypos":-8.6086597443,"cluster_kmeans":5,"cluster_hdbscan":2,"method":"trimap"},"65":{"idx":65,"xpos":-10.9782915115,"ypos":-47.5358123779,"cluster_kmeans":3,"cluster_hdbscan":0,"method":"lda"},"66":{"idx":66,"xpos":-15.0141372681,"ypos":-55.2344398499,"cluster_kmeans":3,"cluster_hdbscan":0,"method":"lda"},"67":{"idx":67,"xpos":-5.3667855263,"ypos":-54.4985237122,"cluster_kmeans":3,"cluster_hdbscan":0,"method":"lda"},"68":{"idx":68,"xpos":4.0523853302,"ypos":-53.5348625183,"cluster_kmeans":1,"cluster_hdbscan":0,"method":"lda"},"69":{"idx":69,"xpos":-2.9609098434,"ypos":-46.1735343933,"cluster_kmeans":3,"cluster_hdbscan":0,"method":"lda"}}