{"0":{"idx":0,"xpos":55.3272399902,"ypos":59.527431488,"cluster_kmeans":9,"cluster_hdbscan":2,"method":"umap"},"1":{"idx":1,"xpos":-3.1034166813,"ypos":78.1974182129,"cluster_kmeans":9,"cluster_hdbscan":2,"method":"umap"},"2":{"idx":2,"xpos":34.0070648193,"ypos":61.3628082275,"cluster_kmeans":9,"cluster_hdbscan":2,"method":"umap"},"3":{"idx":3,"xpos":-27.7324352264,"ypos":79.8196258545,"cluster_kmeans":9,"cluster_hdbscan":2,"method":"umap"},"4":{"idx":4,"xpos":7.2761173248,"ypos":61.7126693726,"cluster_kmeans":9,"cluster_hdbscan":2,"method":"umap"},"5":{"idx":5,"xpos":-14.0230321884,"ypos":97.7426223755,"cluster_kmeans":9,"cluster_hdbscan":2,"method":"umap"},"6":{"idx":6,"xpos":-14.3968153,"ypos":63.8556098938,"cluster_kmeans":9,"cluster_hdbscan":2,"method":"umap"},"7":{"idx":7,"xpos":8.971077919,"ypos":91.0237731934,"cluster_kmeans":9,"cluster_hdbscan":2,"method":"umap"},"8":{"idx":8,"xpos":43.7400398254,"ypos":41.422580719,"cluster_kmeans":9,"cluster_hdbscan":2,"method":"umap"},"9":{"idx":9,"xpos":20.4451560974,"ypos":48.6992492676,"cluster_kmeans":9,"cluster_hdbscan":2,"method":"umap"},"10":{"idx":10,"xpos":27.993019104,"ypos":134.7520599365,"cluster_kmeans":6,"cluster_hdbscan":0,"method":"densmap"},"11":{"idx":11,"xpos":52.5563430786,"ypos":126.8759994507,"cluster_kmeans":6,"cluster_hdbscan":0,"method":"densmap"},"12":{"idx":12,"xpos":73.1544647217,"ypos":117.8885955811,"cluster_kmeans":6,"cluster_hdbscan":0,"method":"densmap"},"13":{"idx":13,"xpos":48.3415107727,"ypos":146.8717498779,"cluster_kmeans":6,"cluster_hdbscan":0,"method":"densmap"},"14":{"idx":14,"xpos":53.173576355,"ypos":103.5630950928,"cluster_kmeans":1,"cluster_hdbscan":-1,"method":"densmap"},"15":{"idx":15,"xpos":69.9293289185,"ypos":140.4803009033,"cluster_kmeans":6,"cluster_hdbscan":0,"method":"densmap"},"16":{"idx":16,"xpos":70.9854202271,"ypos":85.8515167236,"cluster_kmeans":1,"cluster_hdbscan":0,"method":"densmap"},"17":{"idx":17,"xpos":34.9976539612,"ypos":115.5303955078,"cluster_kmeans":6,"cluster_hdbscan":0,"method":"densmap"},"18":{"idx":18,"xpos":-75.6639480591,"ypos":-102.0706176758,"cluster_kmeans":1,"cluster_hdbscan":-1,"method":"densmap"},"19":{"idx":19,"xpos":27.3975696564,"ypos":157.1589660645,"cluster_kmeans":6,"cluster_hdbscan":0,"method":"densmap"},"20":{"idx":20,"xpos":77.6357879639,"ypos":-23.5531158447,"cluster_kmeans":4,"cluster_hdbscan":-1,"method":"pca"},"21":{"idx":21,"xpos":60.5878601074,"ypos":-34.8908920288,"cluster_kmeans":4,"cluster_hdbscan":-1,"method":"pca"},"22":{"idx":22,"xpos":35.6865844727,"ypos":-82.7862243652,"cluster_kmeans":3,"cluster_hdbscan":-1,"method":"pca"},"23":{"idx":23,"xpos":-11.0558538437,"ypos":-74.8983078003,"cluster_kmeans":8,"cluster_hdbscan":-1,"method":"pca"},"24":{"idx":24,"xpos":55.4841995239,"ypos":-84.9715576172,"cluster_kmeans":3,"cluster_hdbscan":-1,"method":"pca"},"25":{"idx":25,"xpos":-82.7284698486,"ypos":39.6553421021,"cluster_kmeans":2,"cluster_hdbscan":-1,"method":"tsne"},"26":{"idx":26,"xpos":27.0725574493,"ypos":26.9459075928,"cluster_kmeans":9,"cluster_hdbscan":2,"method":"tsne"},"27":{"idx":27,"xpos":-5.1849117279,"ypos":46.4878501892,"cluster_kmeans":9,"cluster_hdbscan":2,"method":"tsne"},"28":{"idx":28,"xpos":28.4974765778,"ypos":93.6170349121,"cluster_kmeans":1,"cluster_hdbscan":2,"method":"tsne"},"29":{"idx":29,"xpos":5.0220727921,"ypos":110.8647155762,"cluster_kmeans":9,"cluster_hdbscan":2,"method":"tsne"},"30":{"idx":30,"xpos":-29.0081806183,"ypos":49.15675354,"cluster_kmeans":9,"cluster_hdbscan":2,"method":"tsne"},"31":{"idx":31,"xpos":-16.6367511749,"ypos":28.4931907654,"cluster_kmeans":9,"cluster_hdbscan":2,"method":"tsne"},"32":{"idx":32,"xpos":43.5639610291,"ypos":80.0149841309,"cluster_kmeans":1,"cluster_hdbscan":2,"method":"tsne"},"33":{"idx":33,"xpos":7.0020513535,"ypos":31.2625579834,"cluster_kmeans":9,"cluster_hdbscan":2,"method":"tsne"},"34":{"idx":34,"xpos":20.5840549469,"ypos":74.8088760376,"cluster_kmeans":9,"cluster_hdbscan":2,"method":"tsne"},"35":{"idx":35,"xpos":28.0051994324,"ypos":-119.7328262329,"cluster_kmeans":3,"cluster_hdbscan":-1,"method":"isomap"},"36":{"idx":36,"xpos":-102.2551727295,"ypos":-40.9156341553,"cluster_kmeans":0,"cluster_hdbscan":1,"method":"isomap"},"37":{"idx":37,"xpos":-83.3871307373,"ypos":-26.5207881927,"cluster_kmeans":0,"cluster_hdbscan":1,"method":"isomap"},"38":{"idx":38,"xpos":-119.4292984009,"ypos":-27.4194602966,"cluster_kmeans":0,"cluster_hdbscan":1,"method":"isomap"},"39":{"idx":39,"xpos":-89.0067596436,"ypos":-65.1901473999,"cluster_kmeans":0,"cluster_hdbscan":1,"method":"isomap"},"40":{"idx":40,"xpos":-101.4792938232,"ypos":-17.3212184906,"cluster_kmeans":0,"cluster_hdbscan":1,"method":"isomap"},"41":{"idx":41,"xpos":-82.970451355,"ypos":-46.2728652954,"cluster_kmeans":0,"cluster_hdbscan":1,"method":"isomap"},"42":{"idx":42,"xpos":-123.3545913696,"ypos":-48.1104431152,"cluster_kmeans":0,"cluster_hdbscan":1,"method":"isomap"},"43":{"idx":43,"xpos":-108.8100891113,"ypos":-62.4235115051,"cluster_kmeans":0,"cluster_hdbscan":1,"method":"isomap"},"44":{"idx":44,"xpos":13.9067764282,"ypos":-40.4699897766,"cluster_kmeans":0,"cluster_hdbscan":1,"method":"isomap"},"45":{"idx":45,"xpos":13.3134880066,"ypos":-75.5489044189,"cluster_kmeans":3,"cluster_hdbscan":3,"method":"lle"},"46":{"idx":46,"xpos":-15.7768068314,"ypos":-113.8054428101,"cluster_kmeans":3,"cluster_hdbscan":3,"method":"lle"},"47":{"idx":47,"xpos":20.9019947052,"ypos":-98.1208190918,"cluster_kmeans":3,"cluster_hdbscan":3,"method":"lle"},"48":{"idx":48,"xpos":46.4230384827,"ypos":-104.4116592407,"cluster_kmeans":3,"cluster_hdbscan":-1,"method":"lle"},"49":{"idx":49,"xpos":4.1307864189,"ypos":-113.6288986206,"cluster_kmeans":3,"cluster_hdbscan":3,"method":"lle"},"50":{"idx":50,"xpos":-35.2504959106,"ypos":-67.1229171753,"cluster_kmeans":8,"cluster_hdbscan":4,"method":"mds"},"51":{"idx":51,"xpos":-18.2504138947,"ypos":-92.3111419678,"cluster_kmeans":8,"cluster_hdbscan":4,"method":"mds"},"52":{"idx":52,"xpos":1.2566006184,"ypos":-92.9618682861,"cluster_kmeans":8,"cluster_hdbscan":3,"method":"mds"},"53":{"idx":53,"xpos":-37.1300544739,"ypos":-91.2772140503,"cluster_kmeans":8,"cluster_hdbscan":4,"method":"mds"},"54":{"idx":54,"xpos":-59.9437942505,"ypos":-64.669883728,"cluster_kmeans":8,"cluster_hdbscan":-1,"method":"mds"},"55":{"idx":55,"xpos":-6.9619832039,"ypos":5.7594027519,"cluster_kmeans":5,"cluster_hdbscan":-1,"method":"trimap"},"56":{"idx":56,"xpos":6.2420911789,"ypos":-8.4888620377,"cluster_kmeans":5,"cluster_hdbscan":-1,"method":"trimap"},"57":{"idx":57,"xpos":-11.7395420074,"ypos":-46.3125419617,"cluster_kmeans":5,"cluster_hdbscan":5,"method":"trimap"},"58":{"idx":58,"xpos":-27.4451141357,"ypos":-24.8046360016,"cluster_kmeans":5,"cluster_hdbscan":5,"method":"trimap"},"59":{"idx":59,"xpos":-8.5190925598,"ypos":-24.1545085907,"cluster_kmeans":5,"cluster_hdbscan":5,"method":"trimap"},"60":{"idx":60,"xpos":-44.4932670593,"ypos":-13.4009771347,"cluster_kmeans":5,"cluster_hdbscan":5,"method":"trimap"},"61":{"idx":61,"xpos":-22.9096183777,"ypos":-6.320953846,"cluster_kmeans":5,"cluster_hdbscan":5,"method":"trimap"},"62":{"idx":62,"xpos":-48.100479126,"ypos":-31.5722255707,"cluster_kmeans":5,"cluster_hdbscan":5,"method":"trimap"},"63":{"idx":63,"xpos":-28.4525375366,"ypos":-42.2119216919,"cluster_kmeans":5,"cluster_hdbscan":5,"method":"trimap"},"64":{"idx":64,"xpos":-44.8653678894,"ypos":-49.1311073303,"cluster_kmeans":5,"cluster_hdbscan":5,"method":"trimap"},"65":{"idx":65,"xpos":85.540222168,"ypos":-68.844078064,"cluster_kmeans":7,"cluster_hdbscan":-1,"method":"lda"},"66":{"idx":66,"xpos":80.1704940796,"ypos":-45.5097961426,"cluster_kmeans":4,"cluster_hdbscan":-1,"method":"lda"},"67":{"idx":67,"xpos":-56.94739151,"ypos":19.9897785187,"cluster_kmeans":4,"cluster_hdbscan":-1,"method":"lda"},"68":{"idx":68,"xpos":76.6269454956,"ypos":-85.000617981,"cluster_kmeans":7,"cluster_hdbscan":-1,"method":"lda"},"69":{"idx":69,"xpos":66.5284118652,"ypos":-66.0958633423,"cluster_kmeans":7,